,date,beer
0,2008-01-01,89
1,2008-01-02,47
2,2008-01-03,76
3,2008-01-04,45
4,2008-01-05,82
5,2008-01-06,36
6,2008-01-07,64
7,2008-01-08,58
8,2008-01-09,42
9,2008-01-10,70
10,2008-01-11,60
11,2008-01-12,73
12,2008-01-13,72
13,2008-01-14,61
14,2008-01-15,53
15,2008-01-16,30
16,2008-01-17,60
17,2008-01-18,66
18,2008-01-19,84
19,2008-01-20,96
20,2008-01-21,69
21,2008-01-22,53
22,2008-01-23,67
23,2008-01-24,54
24,2008-01-25,100
25,2008-01-26,62
26,2008-01-27,70
27,2008-01-28,54
28,2008-01-29,63
29,2008-01-30,50
30,2008-01-31,71
0,2008-02-01,78
1,2008-02-02,69
2,2008-02-03,71
3,2008-02-04,82
4,2008-02-05,70
5,2008-02-06,70
6,2008-02-07,38
7,2008-02-08,70
8,2008-02-09,86
9,2008-02-10,75
10,2008-02-11,65
11,2008-02-12,82
12,2008-02-13,70
13,2008-02-14,52
14,2008-02-15,66
15,2008-02-16,81
16,2008-02-17,48
17,2008-02-18,62
18,2008-02-19,67
19,2008-02-20,62
20,2008-02-21,65
21,2008-02-22,68
22,2008-02-23,100
23,2008-02-24,38
24,2008-02-25,72
25,2008-02-26,59
26,2008-02-27,91
27,2008-02-28,89
28,2008-02-29,88
0,2008-03-01,74
1,2008-03-02,77
2,2008-03-03,86
3,2008-03-04,79
4,2008-03-05,66
5,2008-03-06,73
6,2008-03-07,57
7,2008-03-08,62
8,2008-03-09,97
9,2008-03-10,78
10,2008-03-11,63
11,2008-03-12,77
12,2008-03-13,86
13,2008-03-14,79
14,2008-03-15,61
15,2008-03-16,82
16,2008-03-17,100
17,2008-03-18,69
18,2008-03-19,67
19,2008-03-20,82
20,2008-03-21,96
21,2008-03-22,83
22,2008-03-23,69
23,2008-03-24,86
24,2008-03-25,55
25,2008-03-26,72
26,2008-03-27,86
27,2008-03-28,95
28,2008-03-29,81
29,2008-03-30,65
30,2008-03-31,71
0,2008-04-01,86
1,2008-04-02,57
2,2008-04-03,53
3,2008-04-04,66
4,2008-04-05,40
5,2008-04-06,76
6,2008-04-07,54
7,2008-04-08,63
8,2008-04-09,80
9,2008-04-10,44
10,2008-04-11,72
11,2008-04-12,100
12,2008-04-13,64
13,2008-04-14,72
14,2008-04-15,70
15,2008-04-16,42
16,2008-04-17,71
17,2008-04-18,77
18,2008-04-19,61
19,2008-04-20,67
20,2008-04-21,92
21,2008-04-22,78
22,2008-04-23,64
23,2008-04-24,68
24,2008-04-25,53
25,2008-04-26,55
26,2008-04-27,77
27,2008-04-28,77
28,2008-04-29,57
29,2008-04-30,90
0,2008-05-01,68
1,2008-05-02,97
2,2008-05-03,65
3,2008-05-04,28
4,2008-05-05,49
5,2008-05-06,72
6,2008-05-07,62
7,2008-05-08,79
8,2008-05-09,64
9,2008-05-10,80
10,2008-05-11,100
11,2008-05-12,42
12,2008-05-13,71
13,2008-05-14,59
14,2008-05-15,67
15,2008-05-16,52
16,2008-05-17,87
17,2008-05-18,39
18,2008-05-19,42
19,2008-05-20,50
20,2008-05-21,40
21,2008-05-22,56
22,2008-05-23,75
23,2008-05-24,56
24,2008-05-25,60
25,2008-05-26,78
26,2008-05-27,41
27,2008-05-28,47
28,2008-05-29,43
29,2008-05-30,43
30,2008-05-31,70
0,2008-06-01,92
1,2008-06-02,63
2,2008-06-03,84
3,2008-06-04,46
4,2008-06-05,74
5,2008-06-06,53
6,2008-06-07,46
7,2008-06-08,70
8,2008-06-09,57
9,2008-06-10,80
10,2008-06-11,64
11,2008-06-12,49
12,2008-06-13,87
13,2008-06-14,100
14,2008-06-15,46
15,2008-06-16,61
16,2008-06-17,50
17,2008-06-18,68
18,2008-06-19,80
19,2008-06-20,42
20,2008-06-21,89
21,2008-06-22,51
22,2008-06-23,64
23,2008-06-24,54
24,2008-06-25,66
25,2008-06-26,63
26,2008-06-27,62
27,2008-06-28,42
28,2008-06-29,62
29,2008-06-30,62
0,2008-07-01,49
1,2008-07-02,60
2,2008-07-03,69
3,2008-07-04,89
4,2008-07-05,36
5,2008-07-06,47
6,2008-07-07,46
7,2008-07-08,37
8,2008-07-09,64
9,2008-07-10,69
10,2008-07-11,75
11,2008-07-12,100
12,2008-07-13,39
13,2008-07-14,78
14,2008-07-15,42
15,2008-07-16,62
16,2008-07-17,81
17,2008-07-18,37
18,2008-07-19,73
19,2008-07-20,50
20,2008-07-21,60
21,2008-07-22,60
22,2008-07-23,79
23,2008-07-24,62
24,2008-07-25,60
25,2008-07-26,61
26,2008-07-27,71
27,2008-07-28,64
28,2008-07-29,85
29,2008-07-30,53
30,2008-07-31,51
0,2008-08-01,70
1,2008-08-02,47
2,2008-08-03,67
3,2008-08-04,64
4,2008-08-05,41
5,2008-08-06,42
6,2008-08-07,53
7,2008-08-08,100
8,2008-08-09,92
9,2008-08-10,27
10,2008-08-11,59
11,2008-08-12,66
12,2008-08-13,43
13,2008-08-14,77
14,2008-08-15,71
15,2008-08-16,58
16,2008-08-17,52
17,2008-08-18,63
18,2008-08-19,63
19,2008-08-20,77
20,2008-08-21,81
21,2008-08-22,58
22,2008-08-23,52
23,2008-08-24,82
24,2008-08-25,84
25,2008-08-26,67
26,2008-08-27,94
27,2008-08-28,71
28,2008-08-29,75
29,2008-08-30,83
30,2008-08-31,50
0,2008-09-01,51
1,2008-09-02,73
2,2008-09-03,60
3,2008-09-04,43
4,2008-09-05,100
5,2008-09-06,77
6,2008-09-07,54
7,2008-09-08,72
8,2008-09-09,67
9,2008-09-10,65
10,2008-09-11,79
11,2008-09-12,58
12,2008-09-13,74
13,2008-09-14,73
14,2008-09-15,66
15,2008-09-16,59
16,2008-09-17,42
17,2008-09-18,71
18,2008-09-19,80
19,2008-09-20,51
20,2008-09-21,42
21,2008-09-22,67
22,2008-09-23,76
23,2008-09-24,48
24,2008-09-25,83
25,2008-09-26,76
26,2008-09-27,65
27,2008-09-28,62
28,2008-09-29,54
29,2008-09-30,52
0,2008-10-01,49
1,2008-10-02,47
2,2008-10-03,82
3,2008-10-04,73
4,2008-10-05,89
5,2008-10-06,80
6,2008-10-07,67
7,2008-10-08,67
8,2008-10-09,100
9,2008-10-10,95
10,2008-10-11,75
11,2008-10-12,70
12,2008-10-13,60
13,2008-10-14,63
14,2008-10-15,59
15,2008-10-16,73
16,2008-10-17,76
17,2008-10-18,85
18,2008-10-19,71
19,2008-10-20,61
20,2008-10-21,53
21,2008-10-22,72
22,2008-10-23,76
23,2008-10-24,64
24,2008-10-25,64
25,2008-10-26,49
26,2008-10-27,84
27,2008-10-28,57
28,2008-10-29,82
29,2008-10-30,60
30,2008-10-31,67
0,2008-11-01,38
1,2008-11-02,86
2,2008-11-03,72
3,2008-11-04,81
4,2008-11-05,54
5,2008-11-06,40
6,2008-11-07,63
7,2008-11-08,71
8,2008-11-09,67
9,2008-11-10,59
10,2008-11-11,68
11,2008-11-12,51
12,2008-11-13,57
13,2008-11-14,45
14,2008-11-15,52
15,2008-11-16,34
16,2008-11-17,47
17,2008-11-18,60
18,2008-11-19,46
19,2008-11-20,81
20,2008-11-21,62
21,2008-11-22,75
22,2008-11-23,67
23,2008-11-24,84
24,2008-11-25,67
25,2008-11-26,53
26,2008-11-27,51
27,2008-11-28,42
28,2008-11-29,100
29,2008-11-30,49
0,2008-12-01,66
1,2008-12-02,69
2,2008-12-03,77
3,2008-12-04,68
4,2008-12-05,49
5,2008-12-06,66
6,2008-12-07,74
7,2008-12-08,69
8,2008-12-09,70
9,2008-12-10,65
10,2008-12-11,69
11,2008-12-12,93
12,2008-12-13,73
13,2008-12-14,94
14,2008-12-15,65
15,2008-12-16,60
16,2008-12-17,59
17,2008-12-18,63
18,2008-12-19,77
19,2008-12-20,80
20,2008-12-21,76
21,2008-12-22,54
22,2008-12-23,78
23,2008-12-24,82
24,2008-12-25,100
25,2008-12-26,33
26,2008-12-27,98
27,2008-12-28,60
28,2008-12-29,60
29,2008-12-30,59
30,2008-12-31,92
0,2009-01-01,66
1,2009-01-02,61
2,2009-01-03,66
3,2009-01-04,53
4,2009-01-05,65
5,2009-01-06,99
6,2009-01-07,61
7,2009-01-08,52
8,2009-01-09,68
9,2009-01-10,44
10,2009-01-11,71
11,2009-01-12,49
12,2009-01-13,75
13,2009-01-14,74
14,2009-01-15,46
15,2009-01-16,43
16,2009-01-17,87
17,2009-01-18,67
18,2009-01-19,50
19,2009-01-20,50
20,2009-01-21,70
21,2009-01-22,67
22,2009-01-23,47
23,2009-01-24,80
24,2009-01-25,62
25,2009-01-26,43
26,2009-01-27,68
27,2009-01-28,77
28,2009-01-29,45
29,2009-01-30,91
30,2009-01-31,100
0,2009-02-01,92
1,2009-02-02,90
2,2009-02-03,65
3,2009-02-04,67
4,2009-02-05,100
5,2009-02-06,73
6,2009-02-07,73
7,2009-02-08,62
8,2009-02-09,77
9,2009-02-10,68
10,2009-02-11,92
11,2009-02-12,69
12,2009-02-13,69
13,2009-02-14,63
14,2009-02-15,48
15,2009-02-16,83
16,2009-02-17,79
17,2009-02-18,76
18,2009-02-19,60
19,2009-02-20,63
20,2009-02-21,74
21,2009-02-22,59
22,2009-02-23,64
23,2009-02-24,85
24,2009-02-25,59
25,2009-02-26,75
26,2009-02-27,46
27,2009-02-28,47
0,2009-03-01,55
1,2009-03-02,83
2,2009-03-03,80
3,2009-03-04,72
4,2009-03-05,69
5,2009-03-06,67
6,2009-03-07,95
7,2009-03-08,74
8,2009-03-09,64
9,2009-03-10,100
10,2009-03-11,65
11,2009-03-12,55
12,2009-03-13,85
13,2009-03-14,63
14,2009-03-15,89
15,2009-03-16,69
16,2009-03-17,95
17,2009-03-18,62
18,2009-03-19,84
19,2009-03-20,90
20,2009-03-21,85
21,2009-03-22,84
22,2009-03-23,57
23,2009-03-24,91
24,2009-03-25,82
25,2009-03-26,72
26,2009-03-27,57
27,2009-03-28,61
28,2009-03-29,61
29,2009-03-30,57
30,2009-03-31,72
0,2009-04-01,69
1,2009-04-02,62
2,2009-04-03,74
3,2009-04-04,87
4,2009-04-05,62
5,2009-04-06,100
6,2009-04-07,61
7,2009-04-08,87
8,2009-04-09,90
9,2009-04-10,92
10,2009-04-11,52
11,2009-04-12,76
12,2009-04-13,80
13,2009-04-14,56
14,2009-04-15,59
15,2009-04-16,68
16,2009-04-17,77
17,2009-04-18,57
18,2009-04-19,70
19,2009-04-20,54
20,2009-04-21,81
21,2009-04-22,94
22,2009-04-23,66
23,2009-04-24,74
24,2009-04-25,86
25,2009-04-26,95
26,2009-04-27,84
27,2009-04-28,51
28,2009-04-29,60
29,2009-04-30,86
0,2009-05-01,96
1,2009-05-02,59
2,2009-05-03,44
3,2009-05-04,70
4,2009-05-05,100
5,2009-05-06,49
6,2009-05-07,92
7,2009-05-08,60
8,2009-05-09,70
9,2009-05-10,67
10,2009-05-11,78
11,2009-05-12,77
12,2009-05-13,72
13,2009-05-14,68
14,2009-05-15,66
15,2009-05-16,83
16,2009-05-17,73
17,2009-05-18,83
18,2009-05-19,65
19,2009-05-20,80
20,2009-05-21,89
21,2009-05-22,87
22,2009-05-23,62
23,2009-05-24,80
24,2009-05-25,46
25,2009-05-26,68
26,2009-05-27,83
27,2009-05-28,41
28,2009-05-29,65
29,2009-05-30,53
30,2009-05-31,81
0,2009-06-01,77
1,2009-06-02,79
2,2009-06-03,93
3,2009-06-04,75
4,2009-06-05,100
5,2009-06-06,69
6,2009-06-07,65
7,2009-06-08,67
8,2009-06-09,80
9,2009-06-10,79
10,2009-06-11,74
11,2009-06-12,84
12,2009-06-13,83
13,2009-06-14,67
14,2009-06-15,75
15,2009-06-16,64
16,2009-06-17,78
17,2009-06-18,79
18,2009-06-19,99
19,2009-06-20,89
20,2009-06-21,97
21,2009-06-22,63
22,2009-06-23,56
23,2009-06-24,79
24,2009-06-25,70
25,2009-06-26,84
26,2009-06-27,77
27,2009-06-28,77
28,2009-06-29,65
29,2009-06-30,74
0,2009-07-01,51
1,2009-07-02,43
2,2009-07-03,49
3,2009-07-04,66
4,2009-07-05,33
5,2009-07-06,48
6,2009-07-07,47
7,2009-07-08,53
8,2009-07-09,42
9,2009-07-10,71
10,2009-07-11,40
11,2009-07-12,54
12,2009-07-13,52
13,2009-07-14,43
14,2009-07-15,46
15,2009-07-16,55
16,2009-07-17,55
17,2009-07-18,50
18,2009-07-19,57
19,2009-07-20,45
20,2009-07-21,52
21,2009-07-22,25
22,2009-07-23,47
23,2009-07-24,45
24,2009-07-25,30
25,2009-07-26,34
26,2009-07-27,56
27,2009-07-28,63
28,2009-07-29,66
29,2009-07-30,87
30,2009-07-31,100
0,2009-08-01,93
1,2009-08-02,44
2,2009-08-03,63
3,2009-08-04,81
4,2009-08-05,78
5,2009-08-06,95
6,2009-08-07,69
7,2009-08-08,65
8,2009-08-09,57
9,2009-08-10,55
10,2009-08-11,67
11,2009-08-12,72
12,2009-08-13,86
13,2009-08-14,100
14,2009-08-15,77
15,2009-08-16,51
16,2009-08-17,73
17,2009-08-18,61
18,2009-08-19,54
19,2009-08-20,68
20,2009-08-21,64
21,2009-08-22,37
22,2009-08-23,64
23,2009-08-24,46
24,2009-08-25,51
25,2009-08-26,70
26,2009-08-27,70
27,2009-08-28,70
28,2009-08-29,44
29,2009-08-30,70
30,2009-08-31,41
0,2009-09-01,71
1,2009-09-02,56
2,2009-09-03,99
3,2009-09-04,73
4,2009-09-05,58
5,2009-09-06,90
6,2009-09-07,66
7,2009-09-08,83
8,2009-09-09,64
9,2009-09-10,72
10,2009-09-11,71
11,2009-09-12,61
12,2009-09-13,63
13,2009-09-14,91
14,2009-09-15,66
15,2009-09-16,80
16,2009-09-17,90
17,2009-09-18,75
18,2009-09-19,82
19,2009-09-20,77
20,2009-09-21,76
21,2009-09-22,79
22,2009-09-23,85
23,2009-09-24,78
24,2009-09-25,100
25,2009-09-26,85
26,2009-09-27,83
27,2009-09-28,74
28,2009-09-29,59
29,2009-09-30,72
0,2009-10-01,93
1,2009-10-02,74
2,2009-10-03,61
3,2009-10-04,82
4,2009-10-05,79
5,2009-10-06,98
6,2009-10-07,58
7,2009-10-08,84
8,2009-10-09,72
9,2009-10-10,84
10,2009-10-11,56
11,2009-10-12,100
12,2009-10-13,63
13,2009-10-14,68
14,2009-10-15,68
15,2009-10-16,90
16,2009-10-17,63
17,2009-10-18,47
18,2009-10-19,60
19,2009-10-20,57
20,2009-10-21,48
21,2009-10-22,34
22,2009-10-23,58
23,2009-10-24,65
24,2009-10-25,72
25,2009-10-26,67
26,2009-10-27,68
27,2009-10-28,35
28,2009-10-29,59
29,2009-10-30,77
30,2009-10-31,63
0,2009-11-01,36
1,2009-11-02,59
2,2009-11-03,100
3,2009-11-04,61
4,2009-11-05,35
5,2009-11-06,53
6,2009-11-07,62
7,2009-11-08,50
8,2009-11-09,56
9,2009-11-10,47
10,2009-11-11,49
11,2009-11-12,61
12,2009-11-13,62
13,2009-11-14,79
14,2009-11-15,56
15,2009-11-16,70
16,2009-11-17,42
17,2009-11-18,44
18,2009-11-19,62
19,2009-11-20,55
20,2009-11-21,55
21,2009-11-22,73
22,2009-11-23,43
23,2009-11-24,60
24,2009-11-25,61
25,2009-11-26,61
26,2009-11-27,43
27,2009-11-28,36
28,2009-11-29,68
29,2009-11-30,48
0,2009-12-01,70
1,2009-12-02,93
2,2009-12-03,72
3,2009-12-04,70
4,2009-12-05,80
5,2009-12-06,76
6,2009-12-07,65
7,2009-12-08,70
8,2009-12-09,67
9,2009-12-10,70
10,2009-12-11,56
11,2009-12-12,93
12,2009-12-13,79
13,2009-12-14,68
14,2009-12-15,82
15,2009-12-16,88
16,2009-12-17,79
17,2009-12-18,89
18,2009-12-19,88
19,2009-12-20,69
20,2009-12-21,66
21,2009-12-22,74
22,2009-12-23,84
23,2009-12-24,60
24,2009-12-25,62
25,2009-12-26,63
26,2009-12-27,72
27,2009-12-28,57
28,2009-12-29,65
29,2009-12-30,60
30,2009-12-31,100
0,2010-01-01,74
1,2010-01-02,60
2,2010-01-03,57
3,2010-01-04,56
4,2010-01-05,56
5,2010-01-06,50
6,2010-01-07,52
7,2010-01-08,70
8,2010-01-09,81
9,2010-01-10,43
10,2010-01-11,79
11,2010-01-12,56
12,2010-01-13,54
13,2010-01-14,60
14,2010-01-15,81
15,2010-01-16,76
16,2010-01-17,55
17,2010-01-18,63
18,2010-01-19,70
19,2010-01-20,62
20,2010-01-21,68
21,2010-01-22,61
22,2010-01-23,100
23,2010-01-24,76
24,2010-01-25,91
25,2010-01-26,71
26,2010-01-27,71
27,2010-01-28,70
28,2010-01-29,66
29,2010-01-30,66
30,2010-01-31,85
0,2010-02-01,54
1,2010-02-02,82
2,2010-02-03,47
3,2010-02-04,66
4,2010-02-05,95
5,2010-02-06,73
6,2010-02-07,100
7,2010-02-08,74
8,2010-02-09,68
9,2010-02-10,79
10,2010-02-11,73
11,2010-02-12,72
12,2010-02-13,66
13,2010-02-14,74
14,2010-02-15,65
15,2010-02-16,70
16,2010-02-17,39
17,2010-02-18,54
18,2010-02-19,75
19,2010-02-20,48
20,2010-02-21,49
21,2010-02-22,47
22,2010-02-23,48
23,2010-02-24,52
24,2010-02-25,76
25,2010-02-26,64
26,2010-02-27,57
27,2010-02-28,51
0,2010-03-01,40
1,2010-03-02,47
2,2010-03-03,28
3,2010-03-04,56
4,2010-03-05,71
5,2010-03-06,51
6,2010-03-07,35
7,2010-03-08,50
8,2010-03-09,54
9,2010-03-10,58
10,2010-03-11,60
11,2010-03-12,53
12,2010-03-13,46
13,2010-03-14,32
14,2010-03-15,45
15,2010-03-16,40
16,2010-03-17,100
17,2010-03-18,61
18,2010-03-19,47
19,2010-03-20,49
20,2010-03-21,51
21,2010-03-22,45
22,2010-03-23,48
23,2010-03-24,50
24,2010-03-25,46
25,2010-03-26,65
26,2010-03-27,51
27,2010-03-28,43
28,2010-03-29,67
29,2010-03-30,51
30,2010-03-31,47
0,2010-04-01,73
1,2010-04-02,100
2,2010-04-03,74
3,2010-04-04,35
4,2010-04-05,60
5,2010-04-06,75
6,2010-04-07,60
7,2010-04-08,87
8,2010-04-09,73
9,2010-04-10,54
10,2010-04-11,51
11,2010-04-12,61
12,2010-04-13,75
13,2010-04-14,67
14,2010-04-15,92
15,2010-04-16,69
16,2010-04-17,54
17,2010-04-18,76
18,2010-04-19,41
19,2010-04-20,64
20,2010-04-21,64
21,2010-04-22,52
22,2010-04-23,83
23,2010-04-24,78
24,2010-04-25,48
25,2010-04-26,52
26,2010-04-27,69
27,2010-04-28,74
28,2010-04-29,64
29,2010-04-30,79
0,2010-05-01,80
1,2010-05-02,84
2,2010-05-03,87
3,2010-05-04,89
4,2010-05-05,96
5,2010-05-06,85
6,2010-05-07,100
7,2010-05-08,92
8,2010-05-09,58
9,2010-05-10,83
10,2010-05-11,73
11,2010-05-12,85
12,2010-05-13,87
13,2010-05-14,82
14,2010-05-15,97
15,2010-05-16,100
16,2010-05-17,74
17,2010-05-18,97
18,2010-05-19,94
19,2010-05-20,45
20,2010-05-21,78
21,2010-05-22,61
22,2010-05-23,73
23,2010-05-24,73
24,2010-05-25,68
25,2010-05-26,65
26,2010-05-27,92
27,2010-05-28,91
28,2010-05-29,94
29,2010-05-30,62
30,2010-05-31,65
0,2010-06-01,58
1,2010-06-02,91
2,2010-06-03,88
3,2010-06-04,62
4,2010-06-05,50
5,2010-06-06,56
6,2010-06-07,65
7,2010-06-08,83
8,2010-06-09,87
9,2010-06-10,81
10,2010-06-11,100
11,2010-06-12,60
12,2010-06-13,59
13,2010-06-14,56
14,2010-06-15,73
15,2010-06-16,72
16,2010-06-17,86
17,2010-06-18,89
18,2010-06-19,94
19,2010-06-20,52
20,2010-06-21,58
21,2010-06-22,62
22,2010-06-23,87
23,2010-06-24,88
24,2010-06-25,69
25,2010-06-26,70
26,2010-06-27,58
27,2010-06-28,58
28,2010-06-29,68
29,2010-06-30,73
0,2010-07-01,70
1,2010-07-02,86
2,2010-07-03,100
3,2010-07-04,73
4,2010-07-05,70
5,2010-07-06,67
6,2010-07-07,72
7,2010-07-08,59
8,2010-07-09,79
9,2010-07-10,62
10,2010-07-11,65
11,2010-07-12,96
12,2010-07-13,78
13,2010-07-14,55
14,2010-07-15,74
15,2010-07-16,84
16,2010-07-17,76
17,2010-07-18,91
18,2010-07-19,70
19,2010-07-20,62
20,2010-07-21,80
21,2010-07-22,83
22,2010-07-23,85
23,2010-07-24,59
24,2010-07-25,68
25,2010-07-26,57
26,2010-07-27,64
27,2010-07-28,66
28,2010-07-29,65
29,2010-07-30,87
30,2010-07-31,95
0,2010-08-01,86
1,2010-08-02,62
2,2010-08-03,65
3,2010-08-04,71
4,2010-08-05,85
5,2010-08-06,74
6,2010-08-07,87
7,2010-08-08,51
8,2010-08-09,79
9,2010-08-10,88
10,2010-08-11,90
11,2010-08-12,75
12,2010-08-13,73
13,2010-08-14,100
14,2010-08-15,72
15,2010-08-16,70
16,2010-08-17,70
17,2010-08-18,67
18,2010-08-19,83
19,2010-08-20,90
20,2010-08-21,77
21,2010-08-22,75
22,2010-08-23,64
23,2010-08-24,54
24,2010-08-25,64
25,2010-08-26,75
26,2010-08-27,85
27,2010-08-28,60
28,2010-08-29,58
29,2010-08-30,44
30,2010-08-31,57
0,2010-09-01,65
1,2010-09-02,57
2,2010-09-03,100
3,2010-09-04,56
4,2010-09-05,79
5,2010-09-06,43
6,2010-09-07,77
7,2010-09-08,64
8,2010-09-09,76
9,2010-09-10,79
10,2010-09-11,72
11,2010-09-12,61
12,2010-09-13,60
13,2010-09-14,52
14,2010-09-15,55
15,2010-09-16,58
16,2010-09-17,99
17,2010-09-18,61
18,2010-09-19,79
19,2010-09-20,91
20,2010-09-21,64
21,2010-09-22,73
22,2010-09-23,86
23,2010-09-24,70
24,2010-09-25,58
25,2010-09-26,46
26,2010-09-27,64
27,2010-09-28,61
28,2010-09-29,65
29,2010-09-30,75
0,2010-10-01,78
1,2010-10-02,87
2,2010-10-03,72
3,2010-10-04,48
4,2010-10-05,60
5,2010-10-06,75
6,2010-10-07,79
7,2010-10-08,80
8,2010-10-09,75
9,2010-10-10,83
10,2010-10-11,67
11,2010-10-12,49
12,2010-10-13,77
13,2010-10-14,54
14,2010-10-15,79
15,2010-10-16,66
16,2010-10-17,71
17,2010-10-18,58
18,2010-10-19,74
19,2010-10-20,75
20,2010-10-21,58
21,2010-10-22,84
22,2010-10-23,100
23,2010-10-24,43
24,2010-10-25,69
25,2010-10-26,56
26,2010-10-27,46
27,2010-10-28,68
28,2010-10-29,65
29,2010-10-30,50
30,2010-10-31,63
0,2010-11-01,46
1,2010-11-02,52
2,2010-11-03,54
3,2010-11-04,61
4,2010-11-05,100
5,2010-11-06,63
6,2010-11-07,87
7,2010-11-08,78
8,2010-11-09,42
9,2010-11-10,76
10,2010-11-11,53
11,2010-11-12,78
12,2010-11-13,69
13,2010-11-14,96
14,2010-11-15,60
15,2010-11-16,62
16,2010-11-17,48
17,2010-11-18,55
18,2010-11-19,79
19,2010-11-20,68
20,2010-11-21,55
21,2010-11-22,50
22,2010-11-23,54
23,2010-11-24,62
24,2010-11-25,68
25,2010-11-26,45
26,2010-11-27,63
27,2010-11-28,42
28,2010-11-29,62
29,2010-11-30,63
0,2010-12-01,70
1,2010-12-02,90
2,2010-12-03,81
3,2010-12-04,64
4,2010-12-05,66
5,2010-12-06,82
6,2010-12-07,57
7,2010-12-08,73
8,2010-12-09,72
9,2010-12-10,82
10,2010-12-11,94
11,2010-12-12,71
12,2010-12-13,76
13,2010-12-14,94
14,2010-12-15,83
15,2010-12-16,84
16,2010-12-17,66
17,2010-12-18,61
18,2010-12-19,68
19,2010-12-20,66
20,2010-12-21,85
21,2010-12-22,74
22,2010-12-23,87
23,2010-12-24,66
24,2010-12-25,69
25,2010-12-26,77
26,2010-12-27,74
27,2010-12-28,72
28,2010-12-29,100
29,2010-12-30,71
30,2010-12-31,79
0,2011-01-01,48
1,2011-01-02,74
2,2011-01-03,57
3,2011-01-04,51
4,2011-01-05,92
5,2011-01-06,53
6,2011-01-07,51
7,2011-01-08,92
8,2011-01-09,69
9,2011-01-10,62
10,2011-01-11,50
11,2011-01-12,71
12,2011-01-13,82
13,2011-01-14,74
14,2011-01-15,79
15,2011-01-16,90
16,2011-01-17,79
17,2011-01-18,66
18,2011-01-19,82
19,2011-01-20,55
20,2011-01-21,63
21,2011-01-22,100
22,2011-01-23,98
23,2011-01-24,54
24,2011-01-25,79
25,2011-01-26,65
26,2011-01-27,92
27,2011-01-28,90
28,2011-01-29,88
29,2011-01-30,91
30,2011-01-31,89
0,2011-02-01,74
1,2011-02-02,44
2,2011-02-03,47
3,2011-02-04,53
4,2011-02-05,69
5,2011-02-06,81
6,2011-02-07,66
7,2011-02-08,52
8,2011-02-09,64
9,2011-02-10,67
10,2011-02-11,83
11,2011-02-12,100
12,2011-02-13,82
13,2011-02-14,59
14,2011-02-15,57
15,2011-02-16,57
16,2011-02-17,53
17,2011-02-18,82
18,2011-02-19,89
19,2011-02-20,60
20,2011-02-21,68
21,2011-02-22,52
22,2011-02-23,56
23,2011-02-24,46
24,2011-02-25,46
25,2011-02-26,50
26,2011-02-27,80
27,2011-02-28,38
0,2011-03-01,42
1,2011-03-02,58
2,2011-03-03,56
3,2011-03-04,61
4,2011-03-05,87
5,2011-03-06,71
6,2011-03-07,54
7,2011-03-08,52
8,2011-03-09,58
9,2011-03-10,58
10,2011-03-11,58
11,2011-03-12,72
12,2011-03-13,85
13,2011-03-14,65
14,2011-03-15,57
15,2011-03-16,68
16,2011-03-17,96
17,2011-03-18,95
18,2011-03-19,67
19,2011-03-20,68
20,2011-03-21,45
21,2011-03-22,51
22,2011-03-23,53
23,2011-03-24,63
24,2011-03-25,54
25,2011-03-26,77
26,2011-03-27,100
27,2011-03-28,66
28,2011-03-29,54
29,2011-03-30,59
30,2011-03-31,74
0,2011-04-01,51
1,2011-04-02,75
2,2011-04-03,64
3,2011-04-04,60
4,2011-04-05,52
5,2011-04-06,49
6,2011-04-07,68
7,2011-04-08,58
8,2011-04-09,100
9,2011-04-10,64
10,2011-04-11,56
11,2011-04-12,56
12,2011-04-13,46
13,2011-04-14,54
14,2011-04-15,64
15,2011-04-16,86
16,2011-04-17,63
17,2011-04-18,56
18,2011-04-19,40
19,2011-04-20,60
20,2011-04-21,69
21,2011-04-22,52
22,2011-04-23,63
23,2011-04-24,77
24,2011-04-25,56
25,2011-04-26,48
26,2011-04-27,59
27,2011-04-28,56
28,2011-04-29,53
29,2011-04-30,88
0,2011-05-01,74
1,2011-05-02,46
2,2011-05-03,61
3,2011-05-04,69
4,2011-05-05,76
5,2011-05-06,69
6,2011-05-07,87
7,2011-05-08,68
8,2011-05-09,57
9,2011-05-10,67
10,2011-05-11,72
11,2011-05-12,66
12,2011-05-13,78
13,2011-05-14,93
14,2011-05-15,78
15,2011-05-16,59
16,2011-05-17,76
17,2011-05-18,68
18,2011-05-19,64
19,2011-05-20,73
20,2011-05-21,79
21,2011-05-22,79
22,2011-05-23,78
23,2011-05-24,42
24,2011-05-25,60
25,2011-05-26,45
26,2011-05-27,55
27,2011-05-28,80
28,2011-05-29,97
29,2011-05-30,100
30,2011-05-31,53
0,2011-06-01,80
1,2011-06-02,51
2,2011-06-03,79
3,2011-06-04,80
4,2011-06-05,98
5,2011-06-06,68
6,2011-06-07,64
7,2011-06-08,46
8,2011-06-09,67
9,2011-06-10,71
10,2011-06-11,90
11,2011-06-12,70
12,2011-06-13,59
13,2011-06-14,61
14,2011-06-15,76
15,2011-06-16,77
16,2011-06-17,86
17,2011-06-18,88
18,2011-06-19,100
19,2011-06-20,51
20,2011-06-21,54
21,2011-06-22,61
22,2011-06-23,65
23,2011-06-24,70
24,2011-06-25,66
25,2011-06-26,85
26,2011-06-27,64
27,2011-06-28,54
28,2011-06-29,73
29,2011-06-30,74
0,2011-07-01,57
1,2011-07-02,95
2,2011-07-03,81
3,2011-07-04,84
4,2011-07-05,58
5,2011-07-06,63
6,2011-07-07,63
7,2011-07-08,66
8,2011-07-09,63
9,2011-07-10,68
10,2011-07-11,66
11,2011-07-12,44
12,2011-07-13,59
13,2011-07-14,71
14,2011-07-15,73
15,2011-07-16,100
16,2011-07-17,71
17,2011-07-18,47
18,2011-07-19,49
19,2011-07-20,57
20,2011-07-21,63
21,2011-07-22,74
22,2011-07-23,68
23,2011-07-24,65
24,2011-07-25,42
25,2011-07-26,49
26,2011-07-27,47
27,2011-07-28,50
28,2011-07-29,75
29,2011-07-30,63
30,2011-07-31,72
0,2011-08-01,55
1,2011-08-02,45
2,2011-08-03,38
3,2011-08-04,50
4,2011-08-05,59
5,2011-08-06,100
6,2011-08-07,63
7,2011-08-08,47
8,2011-08-09,47
9,2011-08-10,59
10,2011-08-11,44
11,2011-08-12,55
12,2011-08-13,64
13,2011-08-14,59
14,2011-08-15,49
15,2011-08-16,40
16,2011-08-17,45
17,2011-08-18,54
18,2011-08-19,58
19,2011-08-20,71
20,2011-08-21,40
21,2011-08-22,49
22,2011-08-23,45
23,2011-08-24,43
24,2011-08-25,53
25,2011-08-26,43
26,2011-08-27,54
27,2011-08-28,58
28,2011-08-29,47
29,2011-08-30,44
30,2011-08-31,42
0,2011-09-01,84
1,2011-09-02,76
2,2011-09-03,89
3,2011-09-04,100
4,2011-09-05,92
5,2011-09-06,66
6,2011-09-07,61
7,2011-09-08,63
8,2011-09-09,82
9,2011-09-10,77
10,2011-09-11,80
11,2011-09-12,64
12,2011-09-13,69
13,2011-09-14,67
14,2011-09-15,60
15,2011-09-16,80
16,2011-09-17,86
17,2011-09-18,100
18,2011-09-19,54
19,2011-09-20,69
20,2011-09-21,71
21,2011-09-22,65
22,2011-09-23,58
23,2011-09-24,92
24,2011-09-25,78
25,2011-09-26,54
26,2011-09-27,70
27,2011-09-28,60
28,2011-09-29,59
29,2011-09-30,63
0,2011-10-01,92
1,2011-10-02,100
2,2011-10-03,59
3,2011-10-04,60
4,2011-10-05,46
5,2011-10-06,56
6,2011-10-07,74
7,2011-10-08,78
8,2011-10-09,82
9,2011-10-10,54
10,2011-10-11,61
11,2011-10-12,62
12,2011-10-13,62
13,2011-10-14,65
14,2011-10-15,84
15,2011-10-16,69
16,2011-10-17,58
17,2011-10-18,60
18,2011-10-19,77
19,2011-10-20,59
20,2011-10-21,68
21,2011-10-22,99
22,2011-10-23,89
23,2011-10-24,54
24,2011-10-25,54
25,2011-10-26,56
26,2011-10-27,62
27,2011-10-28,69
28,2011-10-29,68
29,2011-10-30,69
30,2011-10-31,63
0,2011-11-01,74
1,2011-11-02,58
2,2011-11-03,65
3,2011-11-04,72
4,2011-11-05,100
5,2011-11-06,69
6,2011-11-07,58
7,2011-11-08,58
8,2011-11-09,64
9,2011-11-10,67
10,2011-11-11,59
11,2011-11-12,89
12,2011-11-13,90
13,2011-11-14,51
14,2011-11-15,58
15,2011-11-16,68
16,2011-11-17,57
17,2011-11-18,65
18,2011-11-19,68
19,2011-11-20,87
20,2011-11-21,70
21,2011-11-22,63
22,2011-11-23,79
23,2011-11-24,73
24,2011-11-25,70
25,2011-11-26,72
26,2011-11-27,88
27,2011-11-28,48
28,2011-11-29,60
29,2011-11-30,55
0,2011-12-01,57
1,2011-12-02,66
2,2011-12-03,66
3,2011-12-04,92
4,2011-12-05,66
5,2011-12-06,51
6,2011-12-07,67
7,2011-12-08,71
8,2011-12-09,79
9,2011-12-10,86
10,2011-12-11,76
11,2011-12-12,63
12,2011-12-13,64
13,2011-12-14,79
14,2011-12-15,64
15,2011-12-16,71
16,2011-12-17,90
17,2011-12-18,89
18,2011-12-19,70
19,2011-12-20,56
20,2011-12-21,73
21,2011-12-22,73
22,2011-12-23,81
23,2011-12-24,100
24,2011-12-25,89
25,2011-12-26,77
26,2011-12-27,73
27,2011-12-28,76
28,2011-12-29,74
29,2011-12-30,79
30,2011-12-31,83
0,2012-01-01,100
1,2012-01-02,57
2,2012-01-03,45
3,2012-01-04,61
4,2012-01-05,58
5,2012-01-06,58
6,2012-01-07,72
7,2012-01-08,85
8,2012-01-09,55
9,2012-01-10,63
10,2012-01-11,54
11,2012-01-12,75
12,2012-01-13,68
13,2012-01-14,88
14,2012-01-15,68
15,2012-01-16,68
16,2012-01-17,49
17,2012-01-18,49
18,2012-01-19,51
19,2012-01-20,68
20,2012-01-21,79
21,2012-01-22,89
22,2012-01-23,64
23,2012-01-24,64
24,2012-01-25,77
25,2012-01-26,69
26,2012-01-27,71
27,2012-01-28,89
28,2012-01-29,78
29,2012-01-30,67
30,2012-01-31,69
0,2012-02-01,67
1,2012-02-02,48
2,2012-02-03,64
3,2012-02-04,100
4,2012-02-05,89
5,2012-02-06,67
6,2012-02-07,51
7,2012-02-08,56
8,2012-02-09,56
9,2012-02-10,79
10,2012-02-11,99
11,2012-02-12,80
12,2012-02-13,61
13,2012-02-14,59
14,2012-02-15,60
15,2012-02-16,72
16,2012-02-17,69
17,2012-02-18,81
18,2012-02-19,93
19,2012-02-20,52
20,2012-02-21,52
21,2012-02-22,58
22,2012-02-23,51
23,2012-02-24,54
24,2012-02-25,86
25,2012-02-26,83
26,2012-02-27,49
27,2012-02-28,50
28,2012-02-29,44
0,2012-03-01,56
1,2012-03-02,44
2,2012-03-03,72
3,2012-03-04,56
4,2012-03-05,39
5,2012-03-06,39
6,2012-03-07,43
7,2012-03-08,45
8,2012-03-09,60
9,2012-03-10,57
10,2012-03-11,70
11,2012-03-12,43
12,2012-03-13,42
13,2012-03-14,46
14,2012-03-15,56
15,2012-03-16,73
16,2012-03-17,100
17,2012-03-18,85
18,2012-03-19,41
19,2012-03-20,41
20,2012-03-21,43
21,2012-03-22,44
22,2012-03-23,48
23,2012-03-24,48
24,2012-03-25,66
25,2012-03-26,47
26,2012-03-27,40
27,2012-03-28,43
28,2012-03-29,45
29,2012-03-30,53
30,2012-03-31,65
0,2012-04-01,80
1,2012-04-02,73
2,2012-04-03,55
3,2012-04-04,57
4,2012-04-05,77
5,2012-04-06,76
6,2012-04-07,81
7,2012-04-08,75
8,2012-04-09,63
9,2012-04-10,76
10,2012-04-11,62
11,2012-04-12,54
12,2012-04-13,57
13,2012-04-14,88
14,2012-04-15,66
15,2012-04-16,69
16,2012-04-17,66
17,2012-04-18,55
18,2012-04-19,52
19,2012-04-20,56
20,2012-04-21,74
21,2012-04-22,80
22,2012-04-23,55
23,2012-04-24,62
24,2012-04-25,66
25,2012-04-26,57
26,2012-04-27,94
27,2012-04-28,97
28,2012-04-29,100
29,2012-04-30,71
0,2012-05-01,64
1,2012-05-02,68
2,2012-05-03,83
3,2012-05-04,75
4,2012-05-05,92
5,2012-05-06,97
6,2012-05-07,79
7,2012-05-08,67
8,2012-05-09,72
9,2012-05-10,72
10,2012-05-11,90
11,2012-05-12,97
12,2012-05-13,80
13,2012-05-14,62
14,2012-05-15,83
15,2012-05-16,62
16,2012-05-17,72
17,2012-05-18,58
18,2012-05-19,81
19,2012-05-20,100
20,2012-05-21,83
21,2012-05-22,72
22,2012-05-23,72
23,2012-05-24,67
24,2012-05-25,76
25,2012-05-26,92
26,2012-05-27,95
27,2012-05-28,95
28,2012-05-29,66
29,2012-05-30,66
30,2012-05-31,65
0,2012-06-01,78
1,2012-06-02,100
2,2012-06-03,81
3,2012-06-04,73
4,2012-06-05,67
5,2012-06-06,62
6,2012-06-07,69
7,2012-06-08,92
8,2012-06-09,99
9,2012-06-10,88
10,2012-06-11,60
11,2012-06-12,82
12,2012-06-13,69
13,2012-06-14,55
14,2012-06-15,93
15,2012-06-16,91
16,2012-06-17,100
17,2012-06-18,84
18,2012-06-19,56
19,2012-06-20,74
20,2012-06-21,75
21,2012-06-22,76
22,2012-06-23,81
23,2012-06-24,87
24,2012-06-25,72
25,2012-06-26,75
26,2012-06-27,73
27,2012-06-28,65
28,2012-06-29,67
29,2012-06-30,95
0,2012-07-01,84
1,2012-07-02,73
2,2012-07-03,75
3,2012-07-04,75
4,2012-07-05,65
5,2012-07-06,83
6,2012-07-07,92
7,2012-07-08,97
8,2012-07-09,80
9,2012-07-10,66
10,2012-07-11,73
11,2012-07-12,67
12,2012-07-13,87
13,2012-07-14,84
14,2012-07-15,84
15,2012-07-16,56
16,2012-07-17,69
17,2012-07-18,66
18,2012-07-19,72
19,2012-07-20,60
20,2012-07-21,100
21,2012-07-22,87
22,2012-07-23,73
23,2012-07-24,68
24,2012-07-25,67
25,2012-07-26,72
26,2012-07-27,81
27,2012-07-28,92
28,2012-07-29,80
29,2012-07-30,68
30,2012-07-31,67
0,2012-08-01,66
1,2012-08-02,68
2,2012-08-03,70
3,2012-08-04,72
4,2012-08-05,56
5,2012-08-06,56
6,2012-08-07,41
7,2012-08-08,56
8,2012-08-09,68
9,2012-08-10,62
10,2012-08-11,85
11,2012-08-12,100
12,2012-08-13,49
13,2012-08-14,53
14,2012-08-15,61
15,2012-08-16,56
16,2012-08-17,65
17,2012-08-18,64
18,2012-08-19,75
19,2012-08-20,61
20,2012-08-21,54
21,2012-08-22,55
22,2012-08-23,59
23,2012-08-24,64
24,2012-08-25,74
25,2012-08-26,72
26,2012-08-27,54
27,2012-08-28,44
28,2012-08-29,55
29,2012-08-30,69
30,2012-08-31,75
0,2012-09-01,89
1,2012-09-02,81
2,2012-09-03,78
3,2012-09-04,60
4,2012-09-05,59
5,2012-09-06,64
6,2012-09-07,59
7,2012-09-08,68
8,2012-09-09,64
9,2012-09-10,61
10,2012-09-11,57
11,2012-09-12,56
12,2012-09-13,65
13,2012-09-14,66
14,2012-09-15,100
15,2012-09-16,72
16,2012-09-17,53
17,2012-09-18,61
18,2012-09-19,67
19,2012-09-20,71
20,2012-09-21,68
21,2012-09-22,100
22,2012-09-23,80
23,2012-09-24,61
24,2012-09-25,64
25,2012-09-26,62
26,2012-09-27,68
27,2012-09-28,86
28,2012-09-29,83
29,2012-09-30,73
0,2012-10-01,63
1,2012-10-02,61
2,2012-10-03,66
3,2012-10-04,47
4,2012-10-05,83
5,2012-10-06,85
6,2012-10-07,67
7,2012-10-08,66
8,2012-10-09,52
9,2012-10-10,63
10,2012-10-11,55
11,2012-10-12,66
12,2012-10-13,100
13,2012-10-14,85
14,2012-10-15,51
15,2012-10-16,62
16,2012-10-17,56
17,2012-10-18,52
18,2012-10-19,60
19,2012-10-20,73
20,2012-10-21,73
21,2012-10-22,46
22,2012-10-23,52
23,2012-10-24,55
24,2012-10-25,55
25,2012-10-26,74
26,2012-10-27,91
27,2012-10-28,63
28,2012-10-29,52
29,2012-10-30,47
30,2012-10-31,49
0,2012-11-01,65
1,2012-11-02,62
2,2012-11-03,78
3,2012-11-04,77
4,2012-11-05,53
5,2012-11-06,50
6,2012-11-07,51
7,2012-11-08,75
8,2012-11-09,63
9,2012-11-10,69
10,2012-11-11,88
11,2012-11-12,74
12,2012-11-13,67
13,2012-11-14,67
14,2012-11-15,58
15,2012-11-16,64
16,2012-11-17,100
17,2012-11-18,92
18,2012-11-19,51
19,2012-11-20,49
20,2012-11-21,61
21,2012-11-22,68
22,2012-11-23,74
23,2012-11-24,77
24,2012-11-25,65
25,2012-11-26,51
26,2012-11-27,49
27,2012-11-28,58
28,2012-11-29,42
29,2012-11-30,67
0,2012-12-01,69
1,2012-12-02,98
2,2012-12-03,64
3,2012-12-04,57
4,2012-12-05,53
5,2012-12-06,64
6,2012-12-07,58
7,2012-12-08,77
8,2012-12-09,86
9,2012-12-10,94
10,2012-12-11,63
11,2012-12-12,80
12,2012-12-13,88
13,2012-12-14,70
14,2012-12-15,82
15,2012-12-16,93
16,2012-12-17,65
17,2012-12-18,74
18,2012-12-19,75
19,2012-12-20,82
20,2012-12-21,69
21,2012-12-22,92
22,2012-12-23,100
23,2012-12-24,83
24,2012-12-25,67
25,2012-12-26,64
26,2012-12-27,70
27,2012-12-28,73
28,2012-12-29,77
29,2012-12-30,100
30,2012-12-31,83
0,2013-01-01,98
1,2013-01-02,75
2,2013-01-03,67
3,2013-01-04,67
4,2013-01-05,100
5,2013-01-06,91
6,2013-01-07,63
7,2013-01-08,71
8,2013-01-09,79
9,2013-01-10,78
10,2013-01-11,75
11,2013-01-12,83
12,2013-01-13,89
13,2013-01-14,74
14,2013-01-15,72
15,2013-01-16,65
16,2013-01-17,91
17,2013-01-18,80
18,2013-01-19,94
19,2013-01-20,95
20,2013-01-21,75
21,2013-01-22,65
22,2013-01-23,70
23,2013-01-24,61
24,2013-01-25,80
25,2013-01-26,93
26,2013-01-27,73
27,2013-01-28,46
28,2013-01-29,64
29,2013-01-30,74
30,2013-01-31,78
0,2013-02-01,44
1,2013-02-02,61
2,2013-02-03,64
3,2013-02-04,48
4,2013-02-05,47
5,2013-02-06,52
6,2013-02-07,40
7,2013-02-08,58
8,2013-02-09,100
9,2013-02-10,82
10,2013-02-11,65
11,2013-02-12,57
12,2013-02-13,47
13,2013-02-14,59
14,2013-02-15,60
15,2013-02-16,79
16,2013-02-17,56
17,2013-02-18,47
18,2013-02-19,39
19,2013-02-20,38
20,2013-02-21,40
21,2013-02-22,41
22,2013-02-23,50
23,2013-02-24,60
24,2013-02-25,36
25,2013-02-26,33
26,2013-02-27,35
27,2013-02-28,40
0,2013-03-01,60
1,2013-03-02,72
2,2013-03-03,66
3,2013-03-04,53
4,2013-03-05,44
5,2013-03-06,47
6,2013-03-07,46
7,2013-03-08,45
8,2013-03-09,63
9,2013-03-10,60
10,2013-03-11,49
11,2013-03-12,55
12,2013-03-13,51
13,2013-03-14,59
14,2013-03-15,71
15,2013-03-16,87
16,2013-03-17,100
17,2013-03-18,61
18,2013-03-19,46
19,2013-03-20,41
20,2013-03-21,47
21,2013-03-22,50
22,2013-03-23,62
23,2013-03-24,60
24,2013-03-25,46
25,2013-03-26,44
26,2013-03-27,51
27,2013-03-28,40
28,2013-03-29,64
29,2013-03-30,66
30,2013-03-31,94
0,2013-04-01,65
1,2013-04-02,62
2,2013-04-03,67
3,2013-04-04,61
4,2013-04-05,71
5,2013-04-06,78
6,2013-04-07,99
7,2013-04-08,60
8,2013-04-09,52
9,2013-04-10,72
10,2013-04-11,68
11,2013-04-12,72
12,2013-04-13,100
13,2013-04-14,67
14,2013-04-15,48
15,2013-04-16,47
16,2013-04-17,62
17,2013-04-18,63
18,2013-04-19,72
19,2013-04-20,81
20,2013-04-21,92
21,2013-04-22,69
22,2013-04-23,54
23,2013-04-24,65
24,2013-04-25,80
25,2013-04-26,79
26,2013-04-27,89
27,2013-04-28,83
28,2013-04-29,66
29,2013-04-30,58
0,2013-05-01,71
1,2013-05-02,56
2,2013-05-03,87
3,2013-05-04,96
4,2013-05-05,78
5,2013-05-06,54
6,2013-05-07,62
7,2013-05-08,64
8,2013-05-09,63
9,2013-05-10,71
10,2013-05-11,79
11,2013-05-12,87
12,2013-05-13,61
13,2013-05-14,61
14,2013-05-15,59
15,2013-05-16,62
16,2013-05-17,83
17,2013-05-18,94
18,2013-05-19,95
19,2013-05-20,56
20,2013-05-21,60
21,2013-05-22,59
22,2013-05-23,61
23,2013-05-24,75
24,2013-05-25,100
25,2013-05-26,92
26,2013-05-27,99
27,2013-05-28,60
28,2013-05-29,60
29,2013-05-30,71
30,2013-05-31,77
0,2013-06-01,81
1,2013-06-02,88
2,2013-06-03,62
3,2013-06-04,62
4,2013-06-05,67
5,2013-06-06,68
6,2013-06-07,85
7,2013-06-08,85
8,2013-06-09,80
9,2013-06-10,55
10,2013-06-11,54
11,2013-06-12,52
12,2013-06-13,67
13,2013-06-14,64
14,2013-06-15,89
15,2013-06-16,87
16,2013-06-17,56
17,2013-06-18,62
18,2013-06-19,61
19,2013-06-20,64
20,2013-06-21,65
21,2013-06-22,88
22,2013-06-23,83
23,2013-06-24,52
24,2013-06-25,62
25,2013-06-26,63
26,2013-06-27,60
27,2013-06-28,85
28,2013-06-29,100
29,2013-06-30,91
0,2013-07-01,53
1,2013-07-02,57
2,2013-07-03,78
3,2013-07-04,87
4,2013-07-05,79
5,2013-07-06,73
6,2013-07-07,81
7,2013-07-08,62
8,2013-07-09,61
9,2013-07-10,66
10,2013-07-11,68
11,2013-07-12,60
12,2013-07-13,100
13,2013-07-14,79
14,2013-07-15,61
15,2013-07-16,55
16,2013-07-17,73
17,2013-07-18,69
18,2013-07-19,76
19,2013-07-20,94
20,2013-07-21,68
21,2013-07-22,64
22,2013-07-23,65
23,2013-07-24,69
24,2013-07-25,66
25,2013-07-26,80
26,2013-07-27,85
27,2013-07-28,85
28,2013-07-29,66
29,2013-07-30,66
30,2013-07-31,71
0,2013-08-01,70
1,2013-08-02,85
2,2013-08-03,93
3,2013-08-04,76
4,2013-08-05,57
5,2013-08-06,60
6,2013-08-07,53
7,2013-08-08,68
8,2013-08-09,63
9,2013-08-10,87
10,2013-08-11,80
11,2013-08-12,58
12,2013-08-13,56
13,2013-08-14,62
14,2013-08-15,59
15,2013-08-16,54
16,2013-08-17,80
17,2013-08-18,85
18,2013-08-19,58
19,2013-08-20,64
20,2013-08-21,56
21,2013-08-22,62
22,2013-08-23,66
23,2013-08-24,100
24,2013-08-25,75
25,2013-08-26,61
26,2013-08-27,62
27,2013-08-28,52
28,2013-08-29,63
29,2013-08-30,69
30,2013-08-31,89
0,2013-09-01,78
1,2013-09-02,93
2,2013-09-03,56
3,2013-09-04,55
4,2013-09-05,62
5,2013-09-06,65
6,2013-09-07,90
7,2013-09-08,73
8,2013-09-09,60
9,2013-09-10,47
10,2013-09-11,50
11,2013-09-12,65
12,2013-09-13,70
13,2013-09-14,89
14,2013-09-15,71
15,2013-09-16,62
16,2013-09-17,48
17,2013-09-18,58
18,2013-09-19,54
19,2013-09-20,82
20,2013-09-21,80
21,2013-09-22,67
22,2013-09-23,62
23,2013-09-24,53
24,2013-09-25,49
25,2013-09-26,57
26,2013-09-27,69
27,2013-09-28,100
28,2013-09-29,72
29,2013-09-30,57
0,2013-10-01,51
1,2013-10-02,66
2,2013-10-03,66
3,2013-10-04,58
4,2013-10-05,100
5,2013-10-06,95
6,2013-10-07,67
7,2013-10-08,56
8,2013-10-09,70
9,2013-10-10,67
10,2013-10-11,57
11,2013-10-12,84
12,2013-10-13,66
13,2013-10-14,70
14,2013-10-15,70
15,2013-10-16,73
16,2013-10-17,73
17,2013-10-18,72
18,2013-10-19,84
19,2013-10-20,82
20,2013-10-21,62
21,2013-10-22,59
22,2013-10-23,64
23,2013-10-24,63
24,2013-10-25,75
25,2013-10-26,87
26,2013-10-27,78
27,2013-10-28,53
28,2013-10-29,58
29,2013-10-30,66
30,2013-10-31,59
0,2013-11-01,75
1,2013-11-02,84
2,2013-11-03,93
3,2013-11-04,63
4,2013-11-05,54
5,2013-11-06,69
6,2013-11-07,68
7,2013-11-08,63
8,2013-11-09,75
9,2013-11-10,92
10,2013-11-11,70
11,2013-11-12,53
12,2013-11-13,61
13,2013-11-14,68
14,2013-11-15,66
15,2013-11-16,76
16,2013-11-17,81
17,2013-11-18,65
18,2013-11-19,57
19,2013-11-20,54
20,2013-11-21,61
21,2013-11-22,70
22,2013-11-23,83
23,2013-11-24,100
24,2013-11-25,69
25,2013-11-26,82
26,2013-11-27,62
27,2013-11-28,90
28,2013-11-29,82
29,2013-11-30,88
0,2013-12-01,86
1,2013-12-02,63
2,2013-12-03,70
3,2013-12-04,54
4,2013-12-05,59
5,2013-12-06,74
6,2013-12-07,74
7,2013-12-08,74
8,2013-12-09,65
9,2013-12-10,67
10,2013-12-11,77
11,2013-12-12,68
12,2013-12-13,86
13,2013-12-14,92
14,2013-12-15,88
15,2013-12-16,82
16,2013-12-17,55
17,2013-12-18,72
18,2013-12-19,71
19,2013-12-20,88
20,2013-12-21,92
21,2013-12-22,85
22,2013-12-23,84
23,2013-12-24,81
24,2013-12-25,70
25,2013-12-26,83
26,2013-12-27,66
27,2013-12-28,75
28,2013-12-29,96
29,2013-12-30,62
30,2013-12-31,100
0,2014-01-01,88
1,2014-01-02,62
2,2014-01-03,71
3,2014-01-04,77
4,2014-01-05,77
5,2014-01-06,61
6,2014-01-07,55
7,2014-01-08,60
8,2014-01-09,64
9,2014-01-10,74
10,2014-01-11,96
11,2014-01-12,71
12,2014-01-13,57
13,2014-01-14,61
14,2014-01-15,59
15,2014-01-16,57
16,2014-01-17,73
17,2014-01-18,88
18,2014-01-19,100
19,2014-01-20,64
20,2014-01-21,51
21,2014-01-22,66
22,2014-01-23,72
23,2014-01-24,72
24,2014-01-25,79
25,2014-01-26,92
26,2014-01-27,60
27,2014-01-28,47
28,2014-01-29,69
29,2014-01-30,56
30,2014-01-31,79
0,2014-02-01,85
1,2014-02-02,77
2,2014-02-03,40
3,2014-02-04,55
4,2014-02-05,61
5,2014-02-06,50
6,2014-02-07,73
7,2014-02-08,100
8,2014-02-09,86
9,2014-02-10,66
10,2014-02-11,75
11,2014-02-12,75
12,2014-02-13,72
13,2014-02-14,73
14,2014-02-15,84
15,2014-02-16,79
16,2014-02-17,57
17,2014-02-18,44
18,2014-02-19,48
19,2014-02-20,40
20,2014-02-21,50
21,2014-02-22,63
22,2014-02-23,57
23,2014-02-24,44
24,2014-02-25,48
25,2014-02-26,46
26,2014-02-27,42
27,2014-02-28,58
0,2014-03-01,58
1,2014-03-02,61
2,2014-03-03,46
3,2014-03-04,54
4,2014-03-05,55
5,2014-03-06,60
6,2014-03-07,67
7,2014-03-08,83
8,2014-03-09,94
9,2014-03-10,40
10,2014-03-11,51
11,2014-03-12,53
12,2014-03-13,59
13,2014-03-14,66
14,2014-03-15,100
15,2014-03-16,74
16,2014-03-17,71
17,2014-03-18,49
18,2014-03-19,57
19,2014-03-20,56
20,2014-03-21,59
21,2014-03-22,75
22,2014-03-23,85
23,2014-03-24,45
24,2014-03-25,53
25,2014-03-26,46
26,2014-03-27,54
27,2014-03-28,56
28,2014-03-29,78
29,2014-03-30,65
30,2014-03-31,45
0,2014-04-01,65
1,2014-04-02,57
2,2014-04-03,66
3,2014-04-04,66
4,2014-04-05,90
5,2014-04-06,79
6,2014-04-07,85
7,2014-04-08,68
8,2014-04-09,76
9,2014-04-10,69
10,2014-04-11,85
11,2014-04-12,100
12,2014-04-13,97
13,2014-04-14,67
14,2014-04-15,64
15,2014-04-16,67
16,2014-04-17,68
17,2014-04-18,82
18,2014-04-19,91
19,2014-04-20,79
20,2014-04-21,59
21,2014-04-22,60
22,2014-04-23,63
23,2014-04-24,68
24,2014-04-25,84
25,2014-04-26,79
26,2014-04-27,89
27,2014-04-28,68
28,2014-04-29,68
29,2014-04-30,62
0,2014-05-01,62
1,2014-05-02,65
2,2014-05-03,97
3,2014-05-04,75
4,2014-05-05,56
5,2014-05-06,55
6,2014-05-07,55
7,2014-05-08,56
8,2014-05-09,64
9,2014-05-10,81
10,2014-05-11,62
11,2014-05-12,59
12,2014-05-13,60
13,2014-05-14,60
14,2014-05-15,64
15,2014-05-16,54
16,2014-05-17,84
17,2014-05-18,88
18,2014-05-19,56
19,2014-05-20,56
20,2014-05-21,47
21,2014-05-22,56
22,2014-05-23,65
23,2014-05-24,99
24,2014-05-25,100
25,2014-05-26,68
26,2014-05-27,65
27,2014-05-28,52
28,2014-05-29,68
29,2014-05-30,55
30,2014-05-31,69
0,2014-06-01,63
1,2014-06-02,59
2,2014-06-03,48
3,2014-06-04,65
4,2014-06-05,62
5,2014-06-06,62
6,2014-06-07,84
7,2014-06-08,90
8,2014-06-09,61
9,2014-06-10,66
10,2014-06-11,58
11,2014-06-12,61
12,2014-06-13,66
13,2014-06-14,79
14,2014-06-15,82
15,2014-06-16,46
16,2014-06-17,51
17,2014-06-18,62
18,2014-06-19,58
19,2014-06-20,73
20,2014-06-21,100
21,2014-06-22,79
22,2014-06-23,51
23,2014-06-24,53
24,2014-06-25,63
25,2014-06-26,53
26,2014-06-27,78
27,2014-06-28,94
28,2014-06-29,88
29,2014-06-30,59
0,2014-07-01,70
1,2014-07-02,63
2,2014-07-03,74
3,2014-07-04,97
4,2014-07-05,96
5,2014-07-06,88
6,2014-07-07,68
7,2014-07-08,54
8,2014-07-09,73
9,2014-07-10,65
10,2014-07-11,65
11,2014-07-12,84
12,2014-07-13,81
13,2014-07-14,65
14,2014-07-15,47
15,2014-07-16,58
16,2014-07-17,67
17,2014-07-18,77
18,2014-07-19,80
19,2014-07-20,96
20,2014-07-21,60
21,2014-07-22,67
22,2014-07-23,68
23,2014-07-24,86
24,2014-07-25,77
25,2014-07-26,100
26,2014-07-27,100
27,2014-07-28,60
28,2014-07-29,60
29,2014-07-30,65
30,2014-07-31,71
0,2014-08-01,79
1,2014-08-02,97
2,2014-08-03,84
3,2014-08-04,64
4,2014-08-05,72
5,2014-08-06,81
6,2014-08-07,73
7,2014-08-08,64
8,2014-08-09,100
9,2014-08-10,80
10,2014-08-11,72
11,2014-08-12,63
12,2014-08-13,60
13,2014-08-14,62
14,2014-08-15,60
15,2014-08-16,86
16,2014-08-17,76
17,2014-08-18,60
18,2014-08-19,57
19,2014-08-20,61
20,2014-08-21,63
21,2014-08-22,58
22,2014-08-23,69
23,2014-08-24,74
24,2014-08-25,54
25,2014-08-26,57
26,2014-08-27,47
27,2014-08-28,72
28,2014-08-29,63
29,2014-08-30,81
30,2014-08-31,66
0,2014-09-01,91
1,2014-09-02,74
2,2014-09-03,67
3,2014-09-04,67
4,2014-09-05,73
5,2014-09-06,95
6,2014-09-07,93
7,2014-09-08,68
8,2014-09-09,68
9,2014-09-10,73
10,2014-09-11,56
11,2014-09-12,81
12,2014-09-13,93
13,2014-09-14,71
14,2014-09-15,74
15,2014-09-16,56
16,2014-09-17,63
17,2014-09-18,49
18,2014-09-19,67
19,2014-09-20,91
20,2014-09-21,77
21,2014-09-22,53
22,2014-09-23,49
23,2014-09-24,73
24,2014-09-25,76
25,2014-09-26,76
26,2014-09-27,100
27,2014-09-28,98
28,2014-09-29,69
29,2014-09-30,74
0,2014-10-01,56
1,2014-10-02,67
2,2014-10-03,67
3,2014-10-04,78
4,2014-10-05,100
5,2014-10-06,57
6,2014-10-07,57
7,2014-10-08,58
8,2014-10-09,68
9,2014-10-10,60
10,2014-10-11,75
11,2014-10-12,70
12,2014-10-13,53
13,2014-10-14,56
14,2014-10-15,50
15,2014-10-16,50
16,2014-10-17,59
17,2014-10-18,79
18,2014-10-19,78
19,2014-10-20,59
20,2014-10-21,47
21,2014-10-22,54
22,2014-10-23,55
23,2014-10-24,68
24,2014-10-25,79
25,2014-10-26,77
26,2014-10-27,40
27,2014-10-28,56
28,2014-10-29,57
29,2014-10-30,63
30,2014-10-31,50
0,2014-11-01,84
1,2014-11-02,82
2,2014-11-03,56
3,2014-11-04,71
4,2014-11-05,69
5,2014-11-06,66
6,2014-11-07,80
7,2014-11-08,85
8,2014-11-09,100
9,2014-11-10,52
10,2014-11-11,61
11,2014-11-12,68
12,2014-11-13,58
13,2014-11-14,68
14,2014-11-15,88
15,2014-11-16,73
16,2014-11-17,71
17,2014-11-18,69
18,2014-11-19,57
19,2014-11-20,68
20,2014-11-21,67
21,2014-11-22,99
22,2014-11-23,76
23,2014-11-24,65
24,2014-11-25,55
25,2014-11-26,68
26,2014-11-27,76
27,2014-11-28,62
28,2014-11-29,78
29,2014-11-30,75
0,2014-12-01,38
1,2014-12-02,48
2,2014-12-03,59
3,2014-12-04,56
4,2014-12-05,72
5,2014-12-06,63
6,2014-12-07,74
7,2014-12-08,58
8,2014-12-09,60
9,2014-12-10,52
10,2014-12-11,52
11,2014-12-12,57
12,2014-12-13,100
13,2014-12-14,76
14,2014-12-15,55
15,2014-12-16,63
16,2014-12-17,68
17,2014-12-18,62
18,2014-12-19,85
19,2014-12-20,89
20,2014-12-21,81
21,2014-12-22,74
22,2014-12-23,72
23,2014-12-24,86
24,2014-12-25,78
25,2014-12-26,65
26,2014-12-27,72
27,2014-12-28,87
28,2014-12-29,72
29,2014-12-30,65
30,2014-12-31,83
0,2015-01-01,81
1,2015-01-02,58
2,2015-01-03,67
3,2015-01-04,57
4,2015-01-05,48
5,2015-01-06,50
6,2015-01-07,51
7,2015-01-08,57
8,2015-01-09,50
9,2015-01-10,80
10,2015-01-11,65
11,2015-01-12,41
12,2015-01-13,50
13,2015-01-14,56
14,2015-01-15,66
15,2015-01-16,72
16,2015-01-17,87
17,2015-01-18,84
18,2015-01-19,47
19,2015-01-20,52
20,2015-01-21,62
21,2015-01-22,51
22,2015-01-23,69
23,2015-01-24,100
24,2015-01-25,88
25,2015-01-26,61
26,2015-01-27,49
27,2015-01-28,58
28,2015-01-29,45
29,2015-01-30,64
30,2015-01-31,76
0,2015-02-01,77
1,2015-02-02,43
2,2015-02-03,38
3,2015-02-04,50
4,2015-02-05,48
5,2015-02-06,60
6,2015-02-07,100
7,2015-02-08,81
8,2015-02-09,58
9,2015-02-10,54
10,2015-02-11,61
11,2015-02-12,54
12,2015-02-13,60
13,2015-02-14,80
14,2015-02-15,72
15,2015-02-16,53
16,2015-02-17,33
17,2015-02-18,38
18,2015-02-19,43
19,2015-02-20,49
20,2015-02-21,58
21,2015-02-22,72
22,2015-02-23,44
23,2015-02-24,44
24,2015-02-25,34
25,2015-02-26,45
26,2015-02-27,46
27,2015-02-28,61
0,2015-03-01,58
1,2015-03-02,48
2,2015-03-03,40
3,2015-03-04,45
4,2015-03-05,49
5,2015-03-06,62
6,2015-03-07,82
7,2015-03-08,58
8,2015-03-09,43
9,2015-03-10,40
10,2015-03-11,46
11,2015-03-12,47
12,2015-03-13,60
13,2015-03-14,100
14,2015-03-15,68
15,2015-03-16,51
16,2015-03-17,72
17,2015-03-18,58
18,2015-03-19,50
19,2015-03-20,57
20,2015-03-21,66
21,2015-03-22,72
22,2015-03-23,40
23,2015-03-24,35
24,2015-03-25,48
25,2015-03-26,48
26,2015-03-27,56
27,2015-03-28,76
28,2015-03-29,75
29,2015-03-30,47
30,2015-03-31,30
0,2015-04-01,62
1,2015-04-02,62
2,2015-04-03,75
3,2015-04-04,80
4,2015-04-05,61
5,2015-04-06,54
6,2015-04-07,92
7,2015-04-08,74
8,2015-04-09,56
9,2015-04-10,69
10,2015-04-11,100
11,2015-04-12,65
12,2015-04-13,43
13,2015-04-14,47
14,2015-04-15,58
15,2015-04-16,69
16,2015-04-17,63
17,2015-04-18,82
18,2015-04-19,77
19,2015-04-20,54
20,2015-04-21,48
21,2015-04-22,52
22,2015-04-23,59
23,2015-04-24,69
24,2015-04-25,69
25,2015-04-26,84
26,2015-04-27,62
27,2015-04-28,42
28,2015-04-29,59
29,2015-04-30,65
0,2015-05-01,70
1,2015-05-02,96
2,2015-05-03,77
3,2015-05-04,61
4,2015-05-05,54
5,2015-05-06,53
6,2015-05-07,70
7,2015-05-08,67
8,2015-05-09,82
9,2015-05-10,97
10,2015-05-11,53
11,2015-05-12,59
12,2015-05-13,58
13,2015-05-14,68
14,2015-05-15,70
15,2015-05-16,74
16,2015-05-17,82
17,2015-05-18,63
18,2015-05-19,60
19,2015-05-20,49
20,2015-05-21,63
21,2015-05-22,77
22,2015-05-23,89
23,2015-05-24,100
24,2015-05-25,89
25,2015-05-26,61
26,2015-05-27,53
27,2015-05-28,68
28,2015-05-29,70
29,2015-05-30,92
30,2015-05-31,88
0,2015-06-01,53
1,2015-06-02,54
2,2015-06-03,60
3,2015-06-04,71
4,2015-06-05,71
5,2015-06-06,98
6,2015-06-07,98
7,2015-06-08,51
8,2015-06-09,56
9,2015-06-10,53
10,2015-06-11,59
11,2015-06-12,72
12,2015-06-13,98
13,2015-06-14,84
14,2015-06-15,67
15,2015-06-16,55
16,2015-06-17,55
17,2015-06-18,69
18,2015-06-19,83
19,2015-06-20,100
20,2015-06-21,91
21,2015-06-22,53
22,2015-06-23,58
23,2015-06-24,55
24,2015-06-25,61
25,2015-06-26,67
26,2015-06-27,80
27,2015-06-28,74
28,2015-06-29,59
29,2015-06-30,63
0,2015-07-01,65
1,2015-07-02,72
2,2015-07-03,78
3,2015-07-04,100
4,2015-07-05,83
5,2015-07-06,50
6,2015-07-07,63
7,2015-07-08,61
8,2015-07-09,58
9,2015-07-10,65
10,2015-07-11,80
11,2015-07-12,69
12,2015-07-13,56
13,2015-07-14,61
14,2015-07-15,52
15,2015-07-16,68
16,2015-07-17,58
17,2015-07-18,74
18,2015-07-19,84
19,2015-07-20,53
20,2015-07-21,55
21,2015-07-22,62
22,2015-07-23,70
23,2015-07-24,92
24,2015-07-25,93
25,2015-07-26,99
26,2015-07-27,69
27,2015-07-28,77
28,2015-07-29,61
29,2015-07-30,69
30,2015-07-31,64
0,2015-08-01,68
1,2015-08-02,65
2,2015-08-03,44
3,2015-08-04,43
4,2015-08-05,45
5,2015-08-06,47
6,2015-08-07,73
7,2015-08-08,100
8,2015-08-09,65
9,2015-08-10,54
10,2015-08-11,58
11,2015-08-12,48
12,2015-08-13,59
13,2015-08-14,67
14,2015-08-15,71
15,2015-08-16,70
16,2015-08-17,54
17,2015-08-18,44
18,2015-08-19,48
19,2015-08-20,46
20,2015-08-21,58
21,2015-08-22,77
22,2015-08-23,81
23,2015-08-24,42
24,2015-08-25,45
25,2015-08-26,42
26,2015-08-27,46
27,2015-08-28,55
28,2015-08-29,68
29,2015-08-30,68
30,2015-08-31,46
0,2015-09-01,61
1,2015-09-02,54
2,2015-09-03,54
3,2015-09-04,70
4,2015-09-05,88
5,2015-09-06,100
6,2015-09-07,76
7,2015-09-08,49
8,2015-09-09,62
9,2015-09-10,55
10,2015-09-11,66
11,2015-09-12,97
12,2015-09-13,82
13,2015-09-14,49
14,2015-09-15,52
15,2015-09-16,60
16,2015-09-17,59
17,2015-09-18,62
18,2015-09-19,87
19,2015-09-20,79
20,2015-09-21,49
21,2015-09-22,58
22,2015-09-23,54
23,2015-09-24,57
24,2015-09-25,77
25,2015-09-26,97
26,2015-09-27,77
27,2015-09-28,49
28,2015-09-29,58
29,2015-09-30,59
0,2015-10-01,48
1,2015-10-02,66
2,2015-10-03,100
3,2015-10-04,81
4,2015-10-05,45
5,2015-10-06,55
6,2015-10-07,51
7,2015-10-08,52
8,2015-10-09,67
9,2015-10-10,95
10,2015-10-11,90
11,2015-10-12,56
12,2015-10-13,62
13,2015-10-14,50
14,2015-10-15,66
15,2015-10-16,60
16,2015-10-17,85
17,2015-10-18,89
18,2015-10-19,51
19,2015-10-20,51
20,2015-10-21,51
21,2015-10-22,61
22,2015-10-23,69
23,2015-10-24,90
24,2015-10-25,77
25,2015-10-26,45
26,2015-10-27,42
27,2015-10-28,51
28,2015-10-29,55
29,2015-10-30,61
30,2015-10-31,52
0,2015-11-01,82
1,2015-11-02,53
2,2015-11-03,47
3,2015-11-04,59
4,2015-11-05,51
5,2015-11-06,72
6,2015-11-07,74
7,2015-11-08,76
8,2015-11-09,58
9,2015-11-10,56
10,2015-11-11,46
11,2015-11-12,60
12,2015-11-13,75
13,2015-11-14,100
14,2015-11-15,69
15,2015-11-16,42
16,2015-11-17,68
17,2015-11-18,52
18,2015-11-19,61
19,2015-11-20,60
20,2015-11-21,84
21,2015-11-22,92
22,2015-11-23,58
23,2015-11-24,53
24,2015-11-25,60
25,2015-11-26,64
26,2015-11-27,62
27,2015-11-28,70
28,2015-11-29,81
29,2015-11-30,64
0,2015-12-01,62
1,2015-12-02,65
2,2015-12-03,47
3,2015-12-04,55
4,2015-12-05,86
5,2015-12-06,100
6,2015-12-07,59
7,2015-12-08,67
8,2015-12-09,65
9,2015-12-10,63
10,2015-12-11,72
11,2015-12-12,67
12,2015-12-13,85
13,2015-12-14,53
14,2015-12-15,52
15,2015-12-16,71
16,2015-12-17,80
17,2015-12-18,68
18,2015-12-19,91
19,2015-12-20,97
20,2015-12-21,66
21,2015-12-22,73
22,2015-12-23,77
23,2015-12-24,72
24,2015-12-25,78
25,2015-12-26,68
26,2015-12-27,71
27,2015-12-28,75
28,2015-12-29,77
29,2015-12-30,74
30,2015-12-31,90
0,2016-01-01,44
1,2016-01-02,58
2,2016-01-03,50
3,2016-01-04,37
4,2016-01-05,40
5,2016-01-06,37
6,2016-01-07,37
7,2016-01-08,45
8,2016-01-09,52
9,2016-01-10,55
10,2016-01-11,30
11,2016-01-12,39
12,2016-01-13,42
13,2016-01-14,34
14,2016-01-15,36
15,2016-01-16,58
16,2016-01-17,61
17,2016-01-18,48
18,2016-01-19,45
19,2016-01-20,48
20,2016-01-21,60
21,2016-01-22,66
22,2016-01-23,100
23,2016-01-24,69
24,2016-01-25,55
25,2016-01-26,61
26,2016-01-27,57
27,2016-01-28,53
28,2016-01-29,50
29,2016-01-30,80
30,2016-01-31,67
0,2016-02-01,66
1,2016-02-02,49
2,2016-02-03,64
3,2016-02-04,53
4,2016-02-05,78
5,2016-02-06,100
6,2016-02-07,97
7,2016-02-08,63
8,2016-02-09,52
9,2016-02-10,54
10,2016-02-11,65
11,2016-02-12,66
12,2016-02-13,84
13,2016-02-14,84
14,2016-02-15,96
15,2016-02-16,56
16,2016-02-17,66
17,2016-02-18,65
18,2016-02-19,72
19,2016-02-20,94
20,2016-02-21,97
21,2016-02-22,74
22,2016-02-23,53
23,2016-02-24,71
24,2016-02-25,66
25,2016-02-26,67
26,2016-02-27,100
27,2016-02-28,93
28,2016-02-29,59
0,2016-03-01,53
1,2016-03-02,57
2,2016-03-03,53
3,2016-03-04,58
4,2016-03-05,76
5,2016-03-06,74
6,2016-03-07,41
7,2016-03-08,55
8,2016-03-09,50
9,2016-03-10,53
10,2016-03-11,61
11,2016-03-12,100
12,2016-03-13,78
13,2016-03-14,56
14,2016-03-15,59
15,2016-03-16,63
16,2016-03-17,82
17,2016-03-18,77
18,2016-03-19,90
19,2016-03-20,66
20,2016-03-21,55
21,2016-03-22,41
22,2016-03-23,52
23,2016-03-24,56
24,2016-03-25,57
25,2016-03-26,78
26,2016-03-27,78
27,2016-03-28,45
28,2016-03-29,44
29,2016-03-30,56
30,2016-03-31,56
0,2016-04-01,59
1,2016-04-02,72
2,2016-04-03,65
3,2016-04-04,51
4,2016-04-05,46
5,2016-04-06,53
6,2016-04-07,100
7,2016-04-08,74
8,2016-04-09,65
9,2016-04-10,80
10,2016-04-11,49
11,2016-04-12,49
12,2016-04-13,51
13,2016-04-14,47
14,2016-04-15,65
15,2016-04-16,80
16,2016-04-17,85
17,2016-04-18,63
18,2016-04-19,52
19,2016-04-20,50
20,2016-04-21,50
21,2016-04-22,65
22,2016-04-23,72
23,2016-04-24,75
24,2016-04-25,49
25,2016-04-26,49
26,2016-04-27,57
27,2016-04-28,64
28,2016-04-29,67
29,2016-04-30,90
0,2016-05-01,91
1,2016-05-02,60
2,2016-05-03,44
3,2016-05-04,54
4,2016-05-05,61
5,2016-05-06,60
6,2016-05-07,78
7,2016-05-08,78
8,2016-05-09,54
9,2016-05-10,45
10,2016-05-11,56
11,2016-05-12,61
12,2016-05-13,75
13,2016-05-14,98
14,2016-05-15,62
15,2016-05-16,60
16,2016-05-17,55
17,2016-05-18,49
18,2016-05-19,49
19,2016-05-20,65
20,2016-05-21,100
21,2016-05-22,92
22,2016-05-23,50
23,2016-05-24,67
24,2016-05-25,54
25,2016-05-26,72
26,2016-05-27,62
27,2016-05-28,98
28,2016-05-29,74
29,2016-05-30,85
30,2016-05-31,62
0,2016-06-01,45
1,2016-06-02,60
2,2016-06-03,60
3,2016-06-04,86
4,2016-06-05,80
5,2016-06-06,56
6,2016-06-07,53
7,2016-06-08,55
8,2016-06-09,51
9,2016-06-10,56
10,2016-06-11,73
11,2016-06-12,59
12,2016-06-13,42
13,2016-06-14,54
14,2016-06-15,53
15,2016-06-16,54
16,2016-06-17,73
17,2016-06-18,94
18,2016-06-19,100
19,2016-06-20,49
20,2016-06-21,47
21,2016-06-22,51
22,2016-06-23,51
23,2016-06-24,52
24,2016-06-25,73
25,2016-06-26,80
26,2016-06-27,47
27,2016-06-28,51
28,2016-06-29,53
29,2016-06-30,57
0,2016-07-01,77
1,2016-07-02,84
2,2016-07-03,80
3,2016-07-04,74
4,2016-07-05,65
5,2016-07-06,57
6,2016-07-07,54
7,2016-07-08,61
8,2016-07-09,80
9,2016-07-10,82
10,2016-07-11,58
11,2016-07-12,59
12,2016-07-13,52
13,2016-07-14,57
14,2016-07-15,63
15,2016-07-16,86
16,2016-07-17,91
17,2016-07-18,66
18,2016-07-19,50
19,2016-07-20,69
20,2016-07-21,54
21,2016-07-22,69
22,2016-07-23,94
23,2016-07-24,85
24,2016-07-25,61
25,2016-07-26,56
26,2016-07-27,62
27,2016-07-28,62
28,2016-07-29,79
29,2016-07-30,100
30,2016-07-31,86
0,2016-08-01,57
1,2016-08-02,57
2,2016-08-03,62
3,2016-08-04,64
4,2016-08-05,69
5,2016-08-06,85
6,2016-08-07,83
7,2016-08-08,57
8,2016-08-09,55
9,2016-08-10,51
10,2016-08-11,74
11,2016-08-12,72
12,2016-08-13,100
13,2016-08-14,80
14,2016-08-15,47
15,2016-08-16,60
16,2016-08-17,58
17,2016-08-18,57
18,2016-08-19,54
19,2016-08-20,74
20,2016-08-21,68
21,2016-08-22,50
22,2016-08-23,49
23,2016-08-24,59
24,2016-08-25,67
25,2016-08-26,71
26,2016-08-27,89
27,2016-08-28,84
28,2016-08-29,56
29,2016-08-30,66
30,2016-08-31,45
0,2016-09-01,62
1,2016-09-02,75
2,2016-09-03,100
3,2016-09-04,83
4,2016-09-05,82
5,2016-09-06,51
6,2016-09-07,56
7,2016-09-08,62
8,2016-09-09,78
9,2016-09-10,96
10,2016-09-11,77
11,2016-09-12,53
12,2016-09-13,65
13,2016-09-14,58
14,2016-09-15,67
15,2016-09-16,68
16,2016-09-17,80
17,2016-09-18,98
18,2016-09-19,58
19,2016-09-20,44
20,2016-09-21,55
21,2016-09-22,58
22,2016-09-23,71
23,2016-09-24,90
24,2016-09-25,90
25,2016-09-26,60
26,2016-09-27,46
27,2016-09-28,61
28,2016-09-29,66
29,2016-09-30,78
0,2016-10-01,100
1,2016-10-02,89
2,2016-10-03,53
3,2016-10-04,62
4,2016-10-05,57
5,2016-10-06,61
6,2016-10-07,78
7,2016-10-08,100
8,2016-10-09,96
9,2016-10-10,52
10,2016-10-11,56
11,2016-10-12,64
12,2016-10-13,54
13,2016-10-14,70
14,2016-10-15,92
15,2016-10-16,79
16,2016-10-17,59
17,2016-10-18,62
18,2016-10-19,71
19,2016-10-20,54
20,2016-10-21,67
21,2016-10-22,100
22,2016-10-23,85
23,2016-10-24,59
24,2016-10-25,59
25,2016-10-26,57
26,2016-10-27,67
27,2016-10-28,70
28,2016-10-29,85
29,2016-10-30,81
30,2016-10-31,58
0,2016-11-01,46
1,2016-11-02,61
2,2016-11-03,61
3,2016-11-04,75
4,2016-11-05,87
5,2016-11-06,80
6,2016-11-07,53
7,2016-11-08,61
8,2016-11-09,39
9,2016-11-10,52
10,2016-11-11,71
11,2016-11-12,96
12,2016-11-13,93
13,2016-11-14,61
14,2016-11-15,71
15,2016-11-16,60
16,2016-11-17,68
17,2016-11-18,74
18,2016-11-19,97
19,2016-11-20,99
20,2016-11-21,70
21,2016-11-22,55
22,2016-11-23,63
23,2016-11-24,100
24,2016-11-25,72
25,2016-11-26,81
26,2016-11-27,73
27,2016-11-28,51
28,2016-11-29,63
29,2016-11-30,60
0,2016-12-01,75
1,2016-12-02,75
2,2016-12-03,94
3,2016-12-04,80
4,2016-12-05,61
5,2016-12-06,58
6,2016-12-07,65
7,2016-12-08,53
8,2016-12-09,68
9,2016-12-10,78
10,2016-12-11,85
11,2016-12-12,56
12,2016-12-13,58
13,2016-12-14,60
14,2016-12-15,73
15,2016-12-16,69
16,2016-12-17,99
17,2016-12-18,100
18,2016-12-19,77
19,2016-12-20,76
20,2016-12-21,89
21,2016-12-22,92
22,2016-12-23,82
23,2016-12-24,88
24,2016-12-25,90
25,2016-12-26,83
26,2016-12-27,92
27,2016-12-28,84
28,2016-12-29,67
29,2016-12-30,83
30,2016-12-31,92
0,2017-01-01,75
1,2017-01-02,56
2,2017-01-03,55
3,2017-01-04,47
4,2017-01-05,62
5,2017-01-06,57
6,2017-01-07,76
7,2017-01-08,77
8,2017-01-09,52
9,2017-01-10,52
10,2017-01-11,60
11,2017-01-12,62
12,2017-01-13,60
13,2017-01-14,80
14,2017-01-15,100
15,2017-01-16,67
16,2017-01-17,47
17,2017-01-18,42
18,2017-01-19,52
19,2017-01-20,59
20,2017-01-21,73
21,2017-01-22,63
22,2017-01-23,51
23,2017-01-24,58
24,2017-01-25,56
25,2017-01-26,58
26,2017-01-27,66
27,2017-01-28,91
28,2017-01-29,66
29,2017-01-30,47
30,2017-01-31,58
0,2017-02-01,44
1,2017-02-02,57
2,2017-02-03,63
3,2017-02-04,69
4,2017-02-05,71
5,2017-02-06,59
6,2017-02-07,53
7,2017-02-08,52
8,2017-02-09,55
9,2017-02-10,72
10,2017-02-11,100
11,2017-02-12,88
12,2017-02-13,59
13,2017-02-14,63
14,2017-02-15,62
15,2017-02-16,69
16,2017-02-17,72
17,2017-02-18,76
18,2017-02-19,84
19,2017-02-20,59
20,2017-02-21,41
21,2017-02-22,47
22,2017-02-23,52
23,2017-02-24,50
24,2017-02-25,70
25,2017-02-26,77
26,2017-02-27,43
27,2017-02-28,46
0,2017-03-01,44
1,2017-03-02,57
2,2017-03-03,69
3,2017-03-04,84
4,2017-03-05,75
5,2017-03-06,44
6,2017-03-07,49
7,2017-03-08,46
8,2017-03-09,56
9,2017-03-10,75
10,2017-03-11,82
11,2017-03-12,78
12,2017-03-13,50
13,2017-03-14,54
14,2017-03-15,58
15,2017-03-16,61
16,2017-03-17,89
17,2017-03-18,100
18,2017-03-19,83
19,2017-03-20,61
20,2017-03-21,45
21,2017-03-22,43
22,2017-03-23,60
23,2017-03-24,48
24,2017-03-25,89
25,2017-03-26,78
26,2017-03-27,48
27,2017-03-28,51
28,2017-03-29,55
29,2017-03-30,58
30,2017-03-31,62
0,2017-04-01,88
1,2017-04-02,94
2,2017-04-03,47
3,2017-04-04,62
4,2017-04-05,54
5,2017-04-06,59
6,2017-04-07,89
7,2017-04-08,100
8,2017-04-09,80
9,2017-04-10,50
10,2017-04-11,49
11,2017-04-12,49
12,2017-04-13,57
13,2017-04-14,60
14,2017-04-15,81
15,2017-04-16,70
16,2017-04-17,51
17,2017-04-18,42
18,2017-04-19,54
19,2017-04-20,52
20,2017-04-21,60
21,2017-04-22,81
22,2017-04-23,72
23,2017-04-24,54
24,2017-04-25,59
25,2017-04-26,60
26,2017-04-27,60
27,2017-04-28,58
28,2017-04-29,94
29,2017-04-30,82
0,2017-05-01,65
1,2017-05-02,64
2,2017-05-03,61
3,2017-05-04,66
4,2017-05-05,68
5,2017-05-06,89
6,2017-05-07,79
7,2017-05-08,55
8,2017-05-09,50
9,2017-05-10,48
10,2017-05-11,58
11,2017-05-12,65
12,2017-05-13,78
13,2017-05-14,76
14,2017-05-15,49
15,2017-05-16,61
16,2017-05-17,50
17,2017-05-18,60
18,2017-05-19,74
19,2017-05-20,84
20,2017-05-21,92
21,2017-05-22,49
22,2017-05-23,61
23,2017-05-24,60
24,2017-05-25,66
25,2017-05-26,69
26,2017-05-27,87
27,2017-05-28,100
28,2017-05-29,85
29,2017-05-30,72
30,2017-05-31,52
0,2017-06-01,56
1,2017-06-02,72
2,2017-06-03,81
3,2017-06-04,78
4,2017-06-05,55
5,2017-06-06,53
6,2017-06-07,56
7,2017-06-08,71
8,2017-06-09,62
9,2017-06-10,100
10,2017-06-11,72
11,2017-06-12,59
12,2017-06-13,55
13,2017-06-14,59
14,2017-06-15,56
15,2017-06-16,70
16,2017-06-17,95
17,2017-06-18,83
18,2017-06-19,60
19,2017-06-20,50
20,2017-06-21,55
21,2017-06-22,61
22,2017-06-23,63
23,2017-06-24,86
24,2017-06-25,79
25,2017-06-26,63
26,2017-06-27,55
27,2017-06-28,56
28,2017-06-29,64
29,2017-06-30,72
0,2017-07-01,99
1,2017-07-02,84
2,2017-07-03,93
3,2017-07-04,90
4,2017-07-05,71
5,2017-07-06,67
6,2017-07-07,77
7,2017-07-08,85
8,2017-07-09,86
9,2017-07-10,61
10,2017-07-11,66
11,2017-07-12,48
12,2017-07-13,67
13,2017-07-14,75
14,2017-07-15,94
15,2017-07-16,97
16,2017-07-17,62
17,2017-07-18,63
18,2017-07-19,69
19,2017-07-20,62
20,2017-07-21,68
21,2017-07-22,100
22,2017-07-23,86
23,2017-07-24,57
24,2017-07-25,66
25,2017-07-26,70
26,2017-07-27,71
27,2017-07-28,82
28,2017-07-29,96
29,2017-07-30,85
30,2017-07-31,63
0,2017-08-01,69
1,2017-08-02,63
2,2017-08-03,82
3,2017-08-04,82
4,2017-08-05,100
5,2017-08-06,97
6,2017-08-07,66
7,2017-08-08,58
8,2017-08-09,61
9,2017-08-10,61
10,2017-08-11,69
11,2017-08-12,88
12,2017-08-13,96
13,2017-08-14,61
14,2017-08-15,52
15,2017-08-16,59
16,2017-08-17,70
17,2017-08-18,72
18,2017-08-19,86
19,2017-08-20,68
20,2017-08-21,54
21,2017-08-22,56
22,2017-08-23,56
23,2017-08-24,61
24,2017-08-25,64
25,2017-08-26,95
26,2017-08-27,76
27,2017-08-28,51
28,2017-08-29,58
29,2017-08-30,54
30,2017-08-31,52
0,2017-09-01,61
1,2017-09-02,85
2,2017-09-03,94
3,2017-09-04,87
4,2017-09-05,61
5,2017-09-06,50
6,2017-09-07,55
7,2017-09-08,70
8,2017-09-09,84
9,2017-09-10,64
10,2017-09-11,58
11,2017-09-12,42
12,2017-09-13,62
13,2017-09-14,62
14,2017-09-15,71
15,2017-09-16,100
16,2017-09-17,94
17,2017-09-18,48
18,2017-09-19,52
19,2017-09-20,43
20,2017-09-21,55
21,2017-09-22,62
22,2017-09-23,81
23,2017-09-24,82
24,2017-09-25,57
25,2017-09-26,52
26,2017-09-27,63
27,2017-09-28,52
28,2017-09-29,75
29,2017-09-30,99
0,2017-10-01,100
1,2017-10-02,59
2,2017-10-03,50
3,2017-10-04,57
4,2017-10-05,75
5,2017-10-06,92
6,2017-10-07,97
7,2017-10-08,75
8,2017-10-09,50
9,2017-10-10,48
10,2017-10-11,54
11,2017-10-12,55
12,2017-10-13,69
13,2017-10-14,93
14,2017-10-15,75
15,2017-10-16,59
16,2017-10-17,44
17,2017-10-18,55
18,2017-10-19,50
19,2017-10-20,63
20,2017-10-21,84
21,2017-10-22,71
22,2017-10-23,68
23,2017-10-24,53
24,2017-10-25,58
25,2017-10-26,55
26,2017-10-27,79
27,2017-10-28,87
28,2017-10-29,73
29,2017-10-30,55
30,2017-10-31,48
0,2017-11-01,67
1,2017-11-02,65
2,2017-11-03,62
3,2017-11-04,85
4,2017-11-05,91
5,2017-11-06,53
6,2017-11-07,59
7,2017-11-08,61
8,2017-11-09,50
9,2017-11-10,70
10,2017-11-11,78
11,2017-11-12,84
12,2017-11-13,61
13,2017-11-14,62
14,2017-11-15,69
15,2017-11-16,71
16,2017-11-17,59
17,2017-11-18,100
18,2017-11-19,86
19,2017-11-20,66
20,2017-11-21,60
21,2017-11-22,63
22,2017-11-23,90
23,2017-11-24,77
24,2017-11-25,73
25,2017-11-26,88
26,2017-11-27,52
27,2017-11-28,50
28,2017-11-29,51
29,2017-11-30,53
0,2017-12-01,74
1,2017-12-02,97
2,2017-12-03,75
3,2017-12-04,63
4,2017-12-05,58
5,2017-12-06,72
6,2017-12-07,74
7,2017-12-08,82
8,2017-12-09,81
9,2017-12-10,94
10,2017-12-11,60
11,2017-12-12,70
12,2017-12-13,65
13,2017-12-14,62
14,2017-12-15,65
15,2017-12-16,81
16,2017-12-17,89
17,2017-12-18,64
18,2017-12-19,78
19,2017-12-20,63
20,2017-12-21,69
21,2017-12-22,95
22,2017-12-23,98
23,2017-12-24,74
24,2017-12-25,85
25,2017-12-26,66
26,2017-12-27,68
27,2017-12-28,87
28,2017-12-29,70
29,2017-12-30,100
30,2017-12-31,97
