,date,pumpkin
0,2008-01-01,32
1,2008-01-02,0
2,2008-01-03,46
3,2008-01-04,28
4,2008-01-05,100
5,2008-01-06,27
6,2008-01-07,37
7,2008-01-08,27
8,2008-01-09,18
9,2008-01-10,53
10,2008-01-11,46
11,2008-01-12,38
12,2008-01-13,53
13,2008-01-14,18
14,2008-01-15,51
15,2008-01-16,43
16,2008-01-17,17
17,2008-01-18,18
18,2008-01-19,73
19,2008-01-20,51
20,2008-01-21,82
21,2008-01-22,24
22,2008-01-23,33
23,2008-01-24,17
24,2008-01-25,34
25,2008-01-26,45
26,2008-01-27,24
27,2008-01-28,58
28,2008-01-29,32
29,2008-01-30,41
30,2008-01-31,0
0,2008-02-01,23
1,2008-02-02,0
2,2008-02-03,32
3,2008-02-04,16
4,2008-02-05,31
5,2008-02-06,46
6,2008-02-07,15
7,2008-02-08,24
8,2008-02-09,0
9,2008-02-10,22
10,2008-02-11,16
11,2008-02-12,30
12,2008-02-13,30
13,2008-02-14,0
14,2008-02-15,100
15,2008-02-16,22
16,2008-02-17,23
17,2008-02-18,35
18,2008-02-19,46
19,2008-02-20,45
20,2008-02-21,0
21,2008-02-22,31
22,2008-02-23,40
23,2008-02-24,51
24,2008-02-25,16
25,2008-02-26,28
26,2008-02-27,21
27,2008-02-28,21
28,2008-02-29,47
0,2008-03-01,74
1,2008-03-02,26
2,2008-03-03,34
3,2008-03-04,45
4,2008-03-05,56
5,2008-03-06,38
6,2008-03-07,0
7,2008-03-08,0
8,2008-03-09,54
9,2008-03-10,46
10,2008-03-11,36
11,2008-03-12,27
12,2008-03-13,54
13,2008-03-14,34
14,2008-03-15,32
15,2008-03-16,100
16,2008-03-17,45
17,2008-03-18,62
18,2008-03-19,52
19,2008-03-20,18
20,2008-03-21,20
21,2008-03-22,53
22,2008-03-23,50
23,2008-03-24,21
24,2008-03-25,35
25,2008-03-26,0
26,2008-03-27,0
27,2008-03-28,34
28,2008-03-29,35
29,2008-03-30,26
30,2008-03-31,25
0,2008-04-01,60
1,2008-04-02,20
2,2008-04-03,20
3,2008-04-04,21
4,2008-04-05,57
5,2008-04-06,28
6,2008-04-07,100
7,2008-04-08,30
8,2008-04-09,33
9,2008-04-10,32
10,2008-04-11,42
11,2008-04-12,99
12,2008-04-13,29
13,2008-04-14,25
14,2008-04-15,50
15,2008-04-16,76
16,2008-04-17,52
17,2008-04-18,27
18,2008-04-19,74
19,2008-04-20,76
20,2008-04-21,52
21,2008-04-22,25
22,2008-04-23,37
23,2008-04-24,37
24,2008-04-25,67
25,2008-04-26,36
26,2008-04-27,55
27,2008-04-28,37
28,2008-04-29,60
29,2008-04-30,49
0,2008-05-01,24
1,2008-05-02,48
2,2008-05-03,65
3,2008-05-04,33
4,2008-05-05,68
5,2008-05-06,43
6,2008-05-07,66
7,2008-05-08,44
8,2008-05-09,35
9,2008-05-10,32
10,2008-05-11,100
11,2008-05-12,0
12,2008-05-13,21
13,2008-05-14,22
14,2008-05-15,65
15,2008-05-16,46
16,2008-05-17,0
17,2008-05-18,96
18,2008-05-19,0
19,2008-05-20,42
20,2008-05-21,0
21,2008-05-22,32
22,2008-05-23,23
23,2008-05-24,31
24,2008-05-25,67
25,2008-05-26,42
26,2008-05-27,21
27,2008-05-28,42
28,2008-05-29,64
29,2008-05-30,45
30,2008-05-31,30
0,2008-06-01,42
1,2008-06-02,44
2,2008-06-03,84
3,2008-06-04,55
4,2008-06-05,29
5,2008-06-06,60
6,2008-06-07,41
7,2008-06-08,85
8,2008-06-09,59
9,2008-06-10,100
10,2008-06-11,29
11,2008-06-12,29
12,2008-06-13,31
13,2008-06-14,0
14,2008-06-15,45
15,2008-06-16,60
16,2008-06-17,28
17,2008-06-18,87
18,2008-06-19,90
19,2008-06-20,62
20,2008-06-21,43
21,2008-06-22,89
22,2008-06-23,30
23,2008-06-24,29
24,2008-06-25,29
25,2008-06-26,29
26,2008-06-27,45
27,2008-06-28,41
28,2008-06-29,65
29,2008-06-30,29
0,2008-07-01,87
1,2008-07-02,37
2,2008-07-03,42
3,2008-07-04,27
4,2008-07-05,48
5,2008-07-06,46
6,2008-07-07,51
7,2008-07-08,39
8,2008-07-09,40
9,2008-07-10,40
10,2008-07-11,42
11,2008-07-12,43
12,2008-07-13,0
13,2008-07-14,50
14,2008-07-15,19
15,2008-07-16,88
16,2008-07-17,100
17,2008-07-18,42
18,2008-07-19,0
19,2008-07-20,30
20,2008-07-21,20
21,2008-07-22,56
22,2008-07-23,29
23,2008-07-24,29
24,2008-07-25,41
25,2008-07-26,28
26,2008-07-27,59
27,2008-07-28,48
28,2008-07-29,93
29,2008-07-30,19
30,2008-07-31,58
0,2008-08-01,65
1,2008-08-02,29
2,2008-08-03,46
3,2008-08-04,63
4,2008-08-05,20
5,2008-08-06,20
6,2008-08-07,20
7,2008-08-08,53
8,2008-08-09,43
9,2008-08-10,45
10,2008-08-11,70
11,2008-08-12,20
12,2008-08-13,49
13,2008-08-14,100
14,2008-08-15,64
15,2008-08-16,84
16,2008-08-17,30
17,2008-08-18,41
18,2008-08-19,39
19,2008-08-20,58
20,2008-08-21,49
21,2008-08-22,62
22,2008-08-23,27
23,2008-08-24,84
24,2008-08-25,68
25,2008-08-26,66
26,2008-08-27,76
27,2008-08-28,38
28,2008-08-29,51
29,2008-08-30,27
30,2008-08-31,71
0,2008-09-01,10
1,2008-09-02,25
2,2008-09-03,20
3,2008-09-04,25
4,2008-09-05,9
5,2008-09-06,22
6,2008-09-07,18
7,2008-09-08,37
8,2008-09-09,28
9,2008-09-10,20
10,2008-09-11,20
11,2008-09-12,25
12,2008-09-13,28
13,2008-09-14,35
14,2008-09-15,66
15,2008-09-16,24
16,2008-09-17,16
17,2008-09-18,72
18,2008-09-19,29
19,2008-09-20,39
20,2008-09-21,70
21,2008-09-22,79
22,2008-09-23,50
23,2008-09-24,54
24,2008-09-25,83
25,2008-09-26,91
26,2008-09-27,100
27,2008-09-28,56
28,2008-09-29,86
29,2008-09-30,73
0,2008-10-01,17
1,2008-10-02,13
2,2008-10-03,17
3,2008-10-04,27
4,2008-10-05,22
5,2008-10-06,18
6,2008-10-07,21
7,2008-10-08,17
8,2008-10-09,20
9,2008-10-10,26
10,2008-10-11,33
11,2008-10-12,52
12,2008-10-13,32
13,2008-10-14,24
14,2008-10-15,20
15,2008-10-16,30
16,2008-10-17,30
17,2008-10-18,52
18,2008-10-19,61
19,2008-10-20,36
20,2008-10-21,25
21,2008-10-22,27
22,2008-10-23,28
23,2008-10-24,39
24,2008-10-25,57
25,2008-10-26,79
26,2008-10-27,45
27,2008-10-28,44
28,2008-10-29,65
29,2008-10-30,74
30,2008-10-31,100
0,2008-11-01,93
1,2008-11-02,51
2,2008-11-03,27
3,2008-11-04,26
4,2008-11-05,14
5,2008-11-06,18
6,2008-11-07,20
7,2008-11-08,46
8,2008-11-09,42
9,2008-11-10,23
10,2008-11-11,22
11,2008-11-12,30
12,2008-11-13,13
13,2008-11-14,22
14,2008-11-15,17
15,2008-11-16,35
16,2008-11-17,21
17,2008-11-18,17
18,2008-11-19,24
19,2008-11-20,22
20,2008-11-21,27
21,2008-11-22,39
22,2008-11-23,60
23,2008-11-24,51
24,2008-11-25,68
25,2008-11-26,81
26,2008-11-27,100
27,2008-11-28,28
28,2008-11-29,25
29,2008-11-30,22
0,2008-12-01,52
1,2008-12-02,55
2,2008-12-03,35
3,2008-12-04,31
4,2008-12-05,38
5,2008-12-06,74
6,2008-12-07,54
7,2008-12-08,22
8,2008-12-09,56
9,2008-12-10,61
10,2008-12-11,36
11,2008-12-12,38
12,2008-12-13,72
13,2008-12-14,100
14,2008-12-15,58
15,2008-12-16,31
16,2008-12-17,26
17,2008-12-18,33
18,2008-12-19,87
19,2008-12-20,47
20,2008-12-21,68
21,2008-12-22,60
22,2008-12-23,85
23,2008-12-24,81
24,2008-12-25,84
25,2008-12-26,31
26,2008-12-27,33
27,2008-12-28,35
28,2008-12-29,19
29,2008-12-30,37
30,2008-12-31,49
0,2009-01-01,100
1,2009-01-02,80
2,2009-01-03,61
3,2009-01-04,79
4,2009-01-05,43
5,2009-01-06,51
6,2009-01-07,21
7,2009-01-08,81
8,2009-01-09,74
9,2009-01-10,43
10,2009-01-11,62
11,2009-01-12,81
12,2009-01-13,59
13,2009-01-14,40
14,2009-01-15,81
15,2009-01-16,63
16,2009-01-17,57
17,2009-01-18,76
18,2009-01-19,66
19,2009-01-20,20
20,2009-01-21,30
21,2009-01-22,29
22,2009-01-23,41
23,2009-01-24,41
24,2009-01-25,73
25,2009-01-26,70
26,2009-01-27,38
27,2009-01-28,48
28,2009-01-29,29
29,2009-01-30,31
30,2009-01-31,81
0,2009-02-01,44
1,2009-02-02,20
2,2009-02-03,48
3,2009-02-04,48
4,2009-02-05,29
5,2009-02-06,30
6,2009-02-07,53
7,2009-02-08,28
8,2009-02-09,58
9,2009-02-10,19
10,2009-02-11,38
11,2009-02-12,29
12,2009-02-13,41
13,2009-02-14,80
14,2009-02-15,43
15,2009-02-16,53
16,2009-02-17,29
17,2009-02-18,19
18,2009-02-19,78
19,2009-02-20,71
20,2009-02-21,54
21,2009-02-22,100
22,2009-02-23,31
23,2009-02-24,59
24,2009-02-25,76
25,2009-02-26,28
26,2009-02-27,0
27,2009-02-28,38
0,2009-03-01,69
1,2009-03-02,24
2,2009-03-03,23
3,2009-03-04,0
4,2009-03-05,72
5,2009-03-06,100
6,2009-03-07,49
7,2009-03-08,69
8,2009-03-09,72
9,2009-03-10,23
10,2009-03-11,23
11,2009-03-12,47
12,2009-03-13,25
13,2009-03-14,65
14,2009-03-15,67
15,2009-03-16,69
16,2009-03-17,80
17,2009-03-18,47
18,2009-03-19,69
19,2009-03-20,25
20,2009-03-21,64
21,2009-03-22,83
22,2009-03-23,47
23,2009-03-24,23
24,2009-03-25,78
25,2009-03-26,23
26,2009-03-27,25
27,2009-03-28,0
28,2009-03-29,50
29,2009-03-30,0
30,2009-03-31,57
0,2009-04-01,64
1,2009-04-02,55
2,2009-04-03,46
3,2009-04-04,31
4,2009-04-05,33
5,2009-04-06,100
6,2009-04-07,43
7,2009-04-08,33
8,2009-04-09,36
9,2009-04-10,66
10,2009-04-11,50
11,2009-04-12,68
12,2009-04-13,33
13,2009-04-14,42
14,2009-04-15,64
15,2009-04-16,0
16,2009-04-17,57
17,2009-04-18,30
18,2009-04-19,0
19,2009-04-20,22
20,2009-04-21,32
21,2009-04-22,42
22,2009-04-23,32
23,2009-04-24,45
24,2009-04-25,44
25,2009-04-26,75
26,2009-04-27,52
27,2009-04-28,39
28,2009-04-29,40
29,2009-04-30,20
0,2009-05-01,33
1,2009-05-02,100
2,2009-05-03,21
3,2009-05-04,30
4,2009-05-05,43
5,2009-05-06,21
6,2009-05-07,29
7,2009-05-08,15
8,2009-05-09,41
9,2009-05-10,22
10,2009-05-11,15
11,2009-05-12,28
12,2009-05-13,28
13,2009-05-14,42
14,2009-05-15,45
15,2009-05-16,69
16,2009-05-17,20
17,2009-05-18,21
18,2009-05-19,28
19,2009-05-20,35
20,2009-05-21,22
21,2009-05-22,0
22,2009-05-23,41
23,2009-05-24,21
24,2009-05-25,27
25,2009-05-26,28
26,2009-05-27,42
27,2009-05-28,14
28,2009-05-29,22
29,2009-05-30,48
30,2009-05-31,30
0,2009-06-01,88
1,2009-06-02,21
2,2009-06-03,22
3,2009-06-04,30
4,2009-06-05,24
5,2009-06-06,31
6,2009-06-07,43
7,2009-06-08,37
8,2009-06-09,43
9,2009-06-10,44
10,2009-06-11,0
11,2009-06-12,31
12,2009-06-13,21
13,2009-06-14,33
14,2009-06-15,54
15,2009-06-16,15
16,2009-06-17,22
17,2009-06-18,30
18,2009-06-19,31
19,2009-06-20,21
20,2009-06-21,100
21,2009-06-22,30
22,2009-06-23,51
23,2009-06-24,15
24,2009-06-25,29
25,2009-06-26,38
26,2009-06-27,40
27,2009-06-28,31
28,2009-06-29,30
29,2009-06-30,14
0,2009-07-01,24
1,2009-07-02,25
2,2009-07-03,29
3,2009-07-04,0
4,2009-07-05,37
5,2009-07-06,24
6,2009-07-07,12
7,2009-07-08,24
8,2009-07-09,25
9,2009-07-10,13
10,2009-07-11,100
11,2009-07-12,18
12,2009-07-13,48
13,2009-07-14,23
14,2009-07-15,12
15,2009-07-16,36
16,2009-07-17,13
17,2009-07-18,17
18,2009-07-19,0
19,2009-07-20,12
20,2009-07-21,23
21,2009-07-22,23
22,2009-07-23,24
23,2009-07-24,89
24,2009-07-25,0
25,2009-07-26,0
26,2009-07-27,0
27,2009-07-28,23
28,2009-07-29,0
29,2009-07-30,12
30,2009-07-31,12
0,2009-08-01,25
1,2009-08-02,40
2,2009-08-03,54
3,2009-08-04,35
4,2009-08-05,35
5,2009-08-06,54
6,2009-08-07,56
7,2009-08-08,24
8,2009-08-09,52
9,2009-08-10,53
10,2009-08-11,17
11,2009-08-12,87
12,2009-08-13,27
13,2009-08-14,56
14,2009-08-15,86
15,2009-08-16,26
16,2009-08-17,36
17,2009-08-18,51
18,2009-08-19,34
19,2009-08-20,52
20,2009-08-21,45
21,2009-08-22,82
22,2009-08-23,25
23,2009-08-24,52
24,2009-08-25,100
25,2009-08-26,50
26,2009-08-27,17
27,2009-08-28,80
28,2009-08-29,35
29,2009-08-30,36
30,2009-08-31,75
0,2009-09-01,22
1,2009-09-02,20
2,2009-09-03,36
3,2009-09-04,21
4,2009-09-05,27
5,2009-09-06,29
6,2009-09-07,20
7,2009-09-08,56
8,2009-09-09,32
9,2009-09-10,26
10,2009-09-11,27
11,2009-09-12,44
12,2009-09-13,45
13,2009-09-14,35
14,2009-09-15,32
15,2009-09-16,49
16,2009-09-17,32
17,2009-09-18,37
18,2009-09-19,26
19,2009-09-20,46
20,2009-09-21,65
21,2009-09-22,63
22,2009-09-23,38
23,2009-09-24,94
24,2009-09-25,68
25,2009-09-26,52
26,2009-09-27,89
27,2009-09-28,71
28,2009-09-29,100
29,2009-09-30,92
0,2009-10-01,9
1,2009-10-02,11
2,2009-10-03,17
3,2009-10-04,17
4,2009-10-05,15
5,2009-10-06,13
6,2009-10-07,10
7,2009-10-08,17
8,2009-10-09,17
9,2009-10-10,25
10,2009-10-11,31
11,2009-10-12,28
12,2009-10-13,29
13,2009-10-14,16
14,2009-10-15,17
15,2009-10-16,29
16,2009-10-17,35
17,2009-10-18,35
18,2009-10-19,19
19,2009-10-20,20
20,2009-10-21,20
21,2009-10-22,20
22,2009-10-23,30
23,2009-10-24,42
24,2009-10-25,47
25,2009-10-26,37
26,2009-10-27,41
27,2009-10-28,44
28,2009-10-29,47
29,2009-10-30,62
30,2009-10-31,100
0,2009-11-01,82
1,2009-11-02,35
2,2009-11-03,31
3,2009-11-04,22
4,2009-11-05,19
5,2009-11-06,21
6,2009-11-07,19
7,2009-11-08,25
8,2009-11-09,15
9,2009-11-10,14
10,2009-11-11,15
11,2009-11-12,20
12,2009-11-13,17
13,2009-11-14,27
14,2009-11-15,27
15,2009-11-16,22
16,2009-11-17,19
17,2009-11-18,16
18,2009-11-19,19
19,2009-11-20,27
20,2009-11-21,26
21,2009-11-22,50
22,2009-11-23,35
23,2009-11-24,47
24,2009-11-25,65
25,2009-11-26,100
26,2009-11-27,20
27,2009-11-28,21
28,2009-11-29,8
29,2009-11-30,13
0,2009-12-01,14
1,2009-12-02,23
2,2009-12-03,37
3,2009-12-04,36
4,2009-12-05,46
5,2009-12-06,63
6,2009-12-07,26
7,2009-12-08,17
8,2009-12-09,34
9,2009-12-10,26
10,2009-12-11,24
11,2009-12-12,64
12,2009-12-13,43
13,2009-12-14,29
14,2009-12-15,42
15,2009-12-16,44
16,2009-12-17,30
17,2009-12-18,41
18,2009-12-19,8
19,2009-12-20,42
20,2009-12-21,28
21,2009-12-22,47
22,2009-12-23,34
23,2009-12-24,52
24,2009-12-25,100
25,2009-12-26,40
26,2009-12-27,26
27,2009-12-28,7
28,2009-12-29,6
29,2009-12-30,27
30,2009-12-31,19
0,2010-01-01,72
1,2010-01-02,71
2,2010-01-03,47
3,2010-01-04,42
4,2010-01-05,40
5,2010-01-06,82
6,2010-01-07,41
7,2010-01-08,83
8,2010-01-09,21
9,2010-01-10,66
10,2010-01-11,49
11,2010-01-12,23
12,2010-01-13,39
13,2010-01-14,39
14,2010-01-15,33
15,2010-01-16,83
16,2010-01-17,43
17,2010-01-18,41
18,2010-01-19,38
19,2010-01-20,98
20,2010-01-21,46
21,2010-01-22,16
22,2010-01-23,30
23,2010-01-24,74
24,2010-01-25,39
25,2010-01-26,45
26,2010-01-27,53
27,2010-01-28,38
28,2010-01-29,16
29,2010-01-30,100
30,2010-01-31,41
0,2010-02-01,21
1,2010-02-02,50
2,2010-02-03,59
3,2010-02-04,50
4,2010-02-05,0
5,2010-02-06,65
6,2010-02-07,68
7,2010-02-08,82
8,2010-02-09,69
9,2010-02-10,40
10,2010-02-11,41
11,2010-02-12,43
12,2010-02-13,81
13,2010-02-14,29
14,2010-02-15,36
15,2010-02-16,53
16,2010-02-17,100
17,2010-02-18,40
18,2010-02-19,51
19,2010-02-20,51
20,2010-02-21,65
21,2010-02-22,49
22,2010-02-23,66
23,2010-02-24,48
24,2010-02-25,49
25,2010-02-26,61
26,2010-02-27,75
27,2010-02-28,39
0,2010-03-01,38
1,2010-03-02,46
2,2010-03-03,84
3,2010-03-04,19
4,2010-03-05,20
5,2010-03-06,37
6,2010-03-07,77
7,2010-03-08,67
8,2010-03-09,93
9,2010-03-10,65
10,2010-03-11,55
11,2010-03-12,48
12,2010-03-13,72
13,2010-03-14,97
14,2010-03-15,0
15,2010-03-16,37
16,2010-03-17,19
17,2010-03-18,57
18,2010-03-19,39
19,2010-03-20,49
20,2010-03-21,100
21,2010-03-22,56
22,2010-03-23,55
23,2010-03-24,65
24,2010-03-25,56
25,2010-03-26,29
26,2010-03-27,74
27,2010-03-28,51
28,2010-03-29,56
29,2010-03-30,28
30,2010-03-31,38
0,2010-04-01,66
1,2010-04-02,25
2,2010-04-03,58
3,2010-04-04,44
4,2010-04-05,62
5,2010-04-06,50
6,2010-04-07,41
7,2010-04-08,51
8,2010-04-09,64
9,2010-04-10,53
10,2010-04-11,79
11,2010-04-12,80
12,2010-04-13,79
13,2010-04-14,20
14,2010-04-15,100
15,2010-04-16,21
16,2010-04-17,40
17,2010-04-18,54
18,2010-04-19,50
19,2010-04-20,39
20,2010-04-21,0
21,2010-04-22,49
22,2010-04-23,31
23,2010-04-24,79
24,2010-04-25,54
25,2010-04-26,79
26,2010-04-27,38
27,2010-04-28,69
28,2010-04-29,72
29,2010-04-30,65
0,2010-05-01,68
1,2010-05-02,34
2,2010-05-03,50
3,2010-05-04,24
4,2010-05-05,24
5,2010-05-06,37
6,2010-05-07,52
7,2010-05-08,50
8,2010-05-09,86
9,2010-05-10,61
10,2010-05-11,71
11,2010-05-12,48
12,2010-05-13,24
13,2010-05-14,64
14,2010-05-15,33
15,2010-05-16,50
16,2010-05-17,36
17,2010-05-18,36
18,2010-05-19,36
19,2010-05-20,37
20,2010-05-21,64
21,2010-05-22,0
22,2010-05-23,0
23,2010-05-24,62
24,2010-05-25,36
25,2010-05-26,36
26,2010-05-27,48
27,2010-05-28,26
28,2010-05-29,0
29,2010-05-30,100
30,2010-05-31,28
0,2010-06-01,40
1,2010-06-02,39
2,2010-06-03,51
3,2010-06-04,84
4,2010-06-05,40
5,2010-06-06,0
6,2010-06-07,30
7,2010-06-08,58
8,2010-06-09,59
9,2010-06-10,90
10,2010-06-11,51
11,2010-06-12,67
12,2010-06-13,28
13,2010-06-14,99
14,2010-06-15,58
15,2010-06-16,30
16,2010-06-17,41
17,2010-06-18,32
18,2010-06-19,41
19,2010-06-20,87
20,2010-06-21,83
21,2010-06-22,58
22,2010-06-23,20
23,2010-06-24,70
24,2010-06-25,64
25,2010-06-26,40
26,2010-06-27,56
27,2010-06-28,100
28,2010-06-29,19
29,2010-06-30,39
0,2010-07-01,21
1,2010-07-02,79
2,2010-07-03,23
3,2010-07-04,47
4,2010-07-05,50
5,2010-07-06,34
6,2010-07-07,43
7,2010-07-08,26
8,2010-07-09,18
9,2010-07-10,33
10,2010-07-11,23
11,2010-07-12,17
12,2010-07-13,34
13,2010-07-14,25
14,2010-07-15,44
15,2010-07-16,45
16,2010-07-17,22
17,2010-07-18,45
18,2010-07-19,68
19,2010-07-20,59
20,2010-07-21,34
21,2010-07-22,68
22,2010-07-23,88
23,2010-07-24,32
24,2010-07-25,33
25,2010-07-26,34
26,2010-07-27,100
27,2010-07-28,42
28,2010-07-29,59
29,2010-07-30,53
30,2010-07-31,64
0,2010-08-01,74
1,2010-08-02,41
2,2010-08-03,16
3,2010-08-04,33
4,2010-08-05,58
5,2010-08-06,26
6,2010-08-07,42
7,2010-08-08,42
8,2010-08-09,73
9,2010-08-10,47
10,2010-08-11,80
11,2010-08-12,66
12,2010-08-13,17
13,2010-08-14,52
14,2010-08-15,85
15,2010-08-16,58
16,2010-08-17,49
17,2010-08-18,32
18,2010-08-19,57
19,2010-08-20,51
20,2010-08-21,30
21,2010-08-22,60
22,2010-08-23,79
23,2010-08-24,47
24,2010-08-25,64
25,2010-08-26,40
26,2010-08-27,82
27,2010-08-28,68
28,2010-08-29,99
29,2010-08-30,63
30,2010-08-31,100
0,2010-09-01,25
1,2010-09-02,28
2,2010-09-03,32
3,2010-09-04,29
4,2010-09-05,26
5,2010-09-06,11
6,2010-09-07,28
7,2010-09-08,30
8,2010-09-09,18
9,2010-09-10,35
10,2010-09-11,41
11,2010-09-12,38
12,2010-09-13,61
13,2010-09-14,45
14,2010-09-15,33
15,2010-09-16,24
16,2010-09-17,61
17,2010-09-18,50
18,2010-09-19,54
19,2010-09-20,69
20,2010-09-21,57
21,2010-09-22,77
22,2010-09-23,61
23,2010-09-24,62
24,2010-09-25,48
25,2010-09-26,78
26,2010-09-27,100
27,2010-09-28,74
28,2010-09-29,86
29,2010-09-30,81
0,2010-10-01,13
1,2010-10-02,13
2,2010-10-03,14
3,2010-10-04,11
4,2010-10-05,13
5,2010-10-06,12
6,2010-10-07,20
7,2010-10-08,18
8,2010-10-09,17
9,2010-10-10,30
10,2010-10-11,20
11,2010-10-12,16
12,2010-10-13,23
13,2010-10-14,17
14,2010-10-15,25
15,2010-10-16,42
16,2010-10-17,28
17,2010-10-18,20
18,2010-10-19,18
19,2010-10-20,22
20,2010-10-21,24
21,2010-10-22,30
22,2010-10-23,33
23,2010-10-24,44
24,2010-10-25,38
25,2010-10-26,39
26,2010-10-27,35
27,2010-10-28,41
28,2010-10-29,53
29,2010-10-30,79
30,2010-10-31,100
0,2010-11-01,59
1,2010-11-02,30
2,2010-11-03,25
3,2010-11-04,21
4,2010-11-05,20
5,2010-11-06,38
6,2010-11-07,32
7,2010-11-08,17
8,2010-11-09,19
9,2010-11-10,12
10,2010-11-11,16
11,2010-11-12,17
12,2010-11-13,23
13,2010-11-14,24
14,2010-11-15,27
15,2010-11-16,22
16,2010-11-17,20
17,2010-11-18,22
18,2010-11-19,37
19,2010-11-20,27
20,2010-11-21,37
21,2010-11-22,40
22,2010-11-23,41
23,2010-11-24,75
24,2010-11-25,100
25,2010-11-26,25
26,2010-11-27,19
27,2010-11-28,14
28,2010-11-29,10
29,2010-11-30,12
0,2010-12-01,53
1,2010-12-02,60
2,2010-12-03,48
3,2010-12-04,61
4,2010-12-05,67
5,2010-12-06,83
6,2010-12-07,69
7,2010-12-08,78
8,2010-12-09,37
9,2010-12-10,73
10,2010-12-11,82
11,2010-12-12,72
12,2010-12-13,84
13,2010-12-14,36
14,2010-12-15,41
15,2010-12-16,52
16,2010-12-17,40
17,2010-12-18,64
18,2010-12-19,54
19,2010-12-20,42
20,2010-12-21,38
21,2010-12-22,73
22,2010-12-23,70
23,2010-12-24,100
24,2010-12-25,53
25,2010-12-26,68
26,2010-12-27,12
27,2010-12-28,11
28,2010-12-29,37
29,2010-12-30,31
30,2010-12-31,62
0,2011-01-01,51
1,2011-01-02,100
2,2011-01-03,69
3,2011-01-04,36
4,2011-01-05,53
5,2011-01-06,43
6,2011-01-07,73
7,2011-01-08,86
8,2011-01-09,45
9,2011-01-10,43
10,2011-01-11,81
11,2011-01-12,89
12,2011-01-13,88
13,2011-01-14,64
14,2011-01-15,59
15,2011-01-16,92
16,2011-01-17,51
17,2011-01-18,35
18,2011-01-19,69
19,2011-01-20,69
20,2011-01-21,59
21,2011-01-22,80
22,2011-01-23,99
23,2011-01-24,67
24,2011-01-25,53
25,2011-01-26,53
26,2011-01-27,42
27,2011-01-28,89
28,2011-01-29,47
29,2011-01-30,87
30,2011-01-31,59
0,2011-02-01,44
1,2011-02-02,83
2,2011-02-03,72
3,2011-02-04,27
4,2011-02-05,41
5,2011-02-06,59
6,2011-02-07,14
7,2011-02-08,73
8,2011-02-09,41
9,2011-02-10,49
10,2011-02-11,50
11,2011-02-12,86
12,2011-02-13,100
13,2011-02-14,69
14,2011-02-15,32
15,2011-02-16,45
16,2011-02-17,54
17,2011-02-18,62
18,2011-02-19,57
19,2011-02-20,71
20,2011-02-21,100
21,2011-02-22,48
22,2011-02-23,82
23,2011-02-24,47
24,2011-02-25,54
25,2011-02-26,98
26,2011-02-27,79
27,2011-02-28,48
0,2011-03-01,47
1,2011-03-02,23
2,2011-03-03,23
3,2011-03-04,39
4,2011-03-05,59
5,2011-03-06,36
6,2011-03-07,43
7,2011-03-08,32
8,2011-03-09,23
9,2011-03-10,33
10,2011-03-11,27
11,2011-03-12,30
12,2011-03-13,100
13,2011-03-14,41
14,2011-03-15,29
15,2011-03-16,54
16,2011-03-17,19
17,2011-03-18,48
18,2011-03-19,43
19,2011-03-20,46
20,2011-03-21,42
21,2011-03-22,38
22,2011-03-23,42
23,2011-03-24,37
24,2011-03-25,72
25,2011-03-26,51
26,2011-03-27,42
27,2011-03-28,48
28,2011-03-29,43
29,2011-03-30,34
30,2011-03-31,39
0,2011-04-01,57
1,2011-04-02,26
2,2011-04-03,91
3,2011-04-04,56
4,2011-04-05,75
5,2011-04-06,34
6,2011-04-07,27
7,2011-04-08,21
8,2011-04-09,18
9,2011-04-10,45
10,2011-04-11,35
11,2011-04-12,61
12,2011-04-13,40
13,2011-04-14,55
14,2011-04-15,21
15,2011-04-16,35
16,2011-04-17,98
17,2011-04-18,67
18,2011-04-19,100
19,2011-04-20,34
20,2011-04-21,76
21,2011-04-22,29
22,2011-04-23,52
23,2011-04-24,72
24,2011-04-25,93
25,2011-04-26,84
26,2011-04-27,43
27,2011-04-28,36
28,2011-04-29,67
29,2011-04-30,38
0,2011-05-01,21
1,2011-05-02,69
2,2011-05-03,23
3,2011-05-04,100
4,2011-05-05,39
5,2011-05-06,74
6,2011-05-07,50
7,2011-05-08,82
8,2011-05-09,32
9,2011-05-10,38
10,2011-05-11,53
11,2011-05-12,31
12,2011-05-13,48
13,2011-05-14,50
14,2011-05-15,60
15,2011-05-16,30
16,2011-05-17,59
17,2011-05-18,52
18,2011-05-19,46
19,2011-05-20,70
20,2011-05-21,59
21,2011-05-22,70
22,2011-05-23,23
23,2011-05-24,74
24,2011-05-25,51
25,2011-05-26,45
26,2011-05-27,48
27,2011-05-28,39
28,2011-05-29,43
29,2011-05-30,78
30,2011-05-31,61
0,2011-06-01,43
1,2011-06-02,43
2,2011-06-03,69
3,2011-06-04,63
4,2011-06-05,88
5,2011-06-06,52
6,2011-06-07,96
7,2011-06-08,71
8,2011-06-09,73
9,2011-06-10,28
10,2011-06-11,92
11,2011-06-12,94
12,2011-06-13,90
13,2011-06-14,61
14,2011-06-15,61
15,2011-06-16,70
16,2011-06-17,45
17,2011-06-18,66
18,2011-06-19,81
19,2011-06-20,77
20,2011-06-21,59
21,2011-06-22,44
22,2011-06-23,71
23,2011-06-24,64
24,2011-06-25,34
25,2011-06-26,36
26,2011-06-27,99
27,2011-06-28,17
28,2011-06-29,100
29,2011-06-30,94
0,2011-07-01,26
1,2011-07-02,49
2,2011-07-03,52
3,2011-07-04,75
4,2011-07-05,20
5,2011-07-06,61
6,2011-07-07,31
7,2011-07-08,32
8,2011-07-09,55
9,2011-07-10,66
10,2011-07-11,56
11,2011-07-12,43
12,2011-07-13,30
13,2011-07-14,31
14,2011-07-15,52
15,2011-07-16,96
16,2011-07-17,58
17,2011-07-18,19
18,2011-07-19,100
19,2011-07-20,38
20,2011-07-21,59
21,2011-07-22,34
22,2011-07-23,57
23,2011-07-24,43
24,2011-07-25,58
25,2011-07-26,19
26,2011-07-27,69
27,2011-07-28,38
28,2011-07-29,53
29,2011-07-30,65
30,2011-07-31,50
0,2011-08-01,24
1,2011-08-02,58
2,2011-08-03,71
3,2011-08-04,53
4,2011-08-05,67
5,2011-08-06,31
6,2011-08-07,79
7,2011-08-08,72
8,2011-08-09,17
9,2011-08-10,79
10,2011-08-11,72
11,2011-08-12,58
12,2011-08-13,29
13,2011-08-14,45
14,2011-08-15,40
15,2011-08-16,49
16,2011-08-17,55
17,2011-08-18,51
18,2011-08-19,64
19,2011-08-20,35
20,2011-08-21,65
21,2011-08-22,51
22,2011-08-23,49
23,2011-08-24,65
24,2011-08-25,66
25,2011-08-26,96
26,2011-08-27,82
27,2011-08-28,71
28,2011-08-29,100
29,2011-08-30,89
30,2011-08-31,73
0,2011-09-01,24
1,2011-09-02,20
2,2011-09-03,30
3,2011-09-04,16
4,2011-09-05,23
5,2011-09-06,23
6,2011-09-07,32
7,2011-09-08,33
8,2011-09-09,28
9,2011-09-10,35
10,2011-09-11,48
11,2011-09-12,33
12,2011-09-13,22
13,2011-09-14,27
14,2011-09-15,34
15,2011-09-16,40
16,2011-09-17,41
17,2011-09-18,50
18,2011-09-19,55
19,2011-09-20,35
20,2011-09-21,35
21,2011-09-22,59
22,2011-09-23,77
23,2011-09-24,71
24,2011-09-25,100
25,2011-09-26,62
26,2011-09-27,78
27,2011-09-28,60
28,2011-09-29,78
29,2011-09-30,83
0,2011-10-01,19
1,2011-10-02,17
2,2011-10-03,15
3,2011-10-04,13
4,2011-10-05,13
5,2011-10-06,12
6,2011-10-07,12
7,2011-10-08,28
8,2011-10-09,33
9,2011-10-10,21
10,2011-10-11,19
11,2011-10-12,20
12,2011-10-13,20
13,2011-10-14,22
14,2011-10-15,48
15,2011-10-16,52
16,2011-10-17,27
17,2011-10-18,23
18,2011-10-19,20
19,2011-10-20,24
20,2011-10-21,29
21,2011-10-22,58
22,2011-10-23,62
23,2011-10-24,33
24,2011-10-25,28
25,2011-10-26,34
26,2011-10-27,42
27,2011-10-28,46
28,2011-10-29,84
29,2011-10-30,100
30,2011-10-31,92
0,2011-11-01,56
1,2011-11-02,26
2,2011-11-03,24
3,2011-11-04,16
4,2011-11-05,30
5,2011-11-06,27
6,2011-11-07,17
7,2011-11-08,16
8,2011-11-09,14
9,2011-11-10,15
10,2011-11-11,15
11,2011-11-12,21
12,2011-11-13,21
13,2011-11-14,20
14,2011-11-15,19
15,2011-11-16,16
16,2011-11-17,17
17,2011-11-18,22
18,2011-11-19,26
19,2011-11-20,40
20,2011-11-21,34
21,2011-11-22,40
22,2011-11-23,69
23,2011-11-24,100
24,2011-11-25,26
25,2011-11-26,21
26,2011-11-27,17
27,2011-11-28,9
28,2011-11-29,10
29,2011-11-30,9
0,2011-12-01,38
1,2011-12-02,42
2,2011-12-03,44
3,2011-12-04,45
4,2011-12-05,32
5,2011-12-06,33
6,2011-12-07,35
7,2011-12-08,30
8,2011-12-09,39
9,2011-12-10,32
10,2011-12-11,46
11,2011-12-12,41
12,2011-12-13,19
13,2011-12-14,18
14,2011-12-15,31
15,2011-12-16,30
16,2011-12-17,37
17,2011-12-18,25
18,2011-12-19,27
19,2011-12-20,31
20,2011-12-21,34
21,2011-12-22,47
22,2011-12-23,61
23,2011-12-24,100
24,2011-12-25,60
25,2011-12-26,24
26,2011-12-27,19
27,2011-12-28,22
28,2011-12-29,22
29,2011-12-30,19
30,2011-12-31,35
0,2012-01-01,55
1,2012-01-02,41
2,2012-01-03,56
3,2012-01-04,100
4,2012-01-05,50
5,2012-01-06,74
6,2012-01-07,92
7,2012-01-08,62
8,2012-01-09,43
9,2012-01-10,38
10,2012-01-11,43
11,2012-01-12,55
12,2012-01-13,44
13,2012-01-14,62
14,2012-01-15,38
15,2012-01-16,58
16,2012-01-17,51
17,2012-01-18,57
18,2012-01-19,57
19,2012-01-20,49
20,2012-01-21,62
21,2012-01-22,78
22,2012-01-23,35
23,2012-01-24,30
24,2012-01-25,30
25,2012-01-26,46
26,2012-01-27,39
27,2012-01-28,66
28,2012-01-29,63
29,2012-01-30,63
30,2012-01-31,57
0,2012-02-01,42
1,2012-02-02,19
2,2012-02-03,34
3,2012-02-04,100
4,2012-02-05,42
5,2012-02-06,78
6,2012-02-07,46
7,2012-02-08,43
8,2012-02-09,25
9,2012-02-10,37
10,2012-02-11,42
11,2012-02-12,33
12,2012-02-13,43
13,2012-02-14,46
14,2012-02-15,56
15,2012-02-16,64
16,2012-02-17,42
17,2012-02-18,87
18,2012-02-19,85
19,2012-02-20,58
20,2012-02-21,58
21,2012-02-22,30
22,2012-02-23,27
23,2012-02-24,64
24,2012-02-25,32
25,2012-02-26,50
26,2012-02-27,31
27,2012-02-28,57
28,2012-02-29,27
0,2012-03-01,34
1,2012-03-02,59
2,2012-03-03,65
3,2012-03-04,67
4,2012-03-05,47
5,2012-03-06,69
6,2012-03-07,26
7,2012-03-08,33
8,2012-03-09,62
9,2012-03-10,59
10,2012-03-11,100
11,2012-03-12,38
12,2012-03-13,47
13,2012-03-14,56
14,2012-03-15,58
15,2012-03-16,58
16,2012-03-17,55
17,2012-03-18,52
18,2012-03-19,64
19,2012-03-20,37
20,2012-03-21,37
21,2012-03-22,59
22,2012-03-23,45
23,2012-03-24,83
24,2012-03-25,67
25,2012-03-26,39
26,2012-03-27,53
27,2012-03-28,42
28,2012-03-29,44
29,2012-03-30,57
30,2012-03-31,55
0,2012-04-01,84
1,2012-04-02,31
2,2012-04-03,42
3,2012-04-04,25
4,2012-04-05,63
5,2012-04-06,66
6,2012-04-07,40
7,2012-04-08,50
8,2012-04-09,53
9,2012-04-10,41
10,2012-04-11,36
11,2012-04-12,30
12,2012-04-13,49
13,2012-04-14,52
14,2012-04-15,100
15,2012-04-16,49
16,2012-04-17,31
17,2012-04-18,19
18,2012-04-19,49
19,2012-04-20,51
20,2012-04-21,54
21,2012-04-22,86
22,2012-04-23,60
23,2012-04-24,50
24,2012-04-25,29
25,2012-04-26,30
26,2012-04-27,90
27,2012-04-28,47
28,2012-04-29,95
29,2012-04-30,74
0,2012-05-01,38
1,2012-05-02,58
2,2012-05-03,39
3,2012-05-04,26
4,2012-05-05,72
5,2012-05-06,98
6,2012-05-07,45
7,2012-05-08,75
8,2012-05-09,63
9,2012-05-10,58
10,2012-05-11,33
11,2012-05-12,41
12,2012-05-13,67
13,2012-05-14,65
14,2012-05-15,57
15,2012-05-16,45
16,2012-05-17,39
17,2012-05-18,53
18,2012-05-19,57
19,2012-05-20,58
20,2012-05-21,38
21,2012-05-22,37
22,2012-05-23,57
23,2012-05-24,52
24,2012-05-25,56
25,2012-05-26,81
26,2012-05-27,57
27,2012-05-28,88
28,2012-05-29,91
29,2012-05-30,100
30,2012-05-31,35
0,2012-06-01,47
1,2012-06-02,100
2,2012-06-03,58
3,2012-06-04,28
4,2012-06-05,55
5,2012-06-06,44
6,2012-06-07,17
7,2012-06-08,52
8,2012-06-09,70
9,2012-06-10,35
10,2012-06-11,45
11,2012-06-12,54
12,2012-06-13,38
13,2012-06-14,55
14,2012-06-15,51
15,2012-06-16,49
16,2012-06-17,79
17,2012-06-18,22
18,2012-06-19,43
19,2012-06-20,44
20,2012-06-21,38
21,2012-06-22,39
22,2012-06-23,86
23,2012-06-24,78
24,2012-06-25,55
25,2012-06-26,21
26,2012-06-27,43
27,2012-06-28,53
28,2012-06-29,51
29,2012-06-30,50
0,2012-07-01,81
1,2012-07-02,44
2,2012-07-03,51
3,2012-07-04,55
4,2012-07-05,57
5,2012-07-06,60
6,2012-07-07,73
7,2012-07-08,67
8,2012-07-09,70
9,2012-07-10,43
10,2012-07-11,56
11,2012-07-12,50
12,2012-07-13,57
13,2012-07-14,40
14,2012-07-15,58
15,2012-07-16,38
16,2012-07-17,61
17,2012-07-18,32
18,2012-07-19,38
19,2012-07-20,66
20,2012-07-21,100
21,2012-07-22,95
22,2012-07-23,65
23,2012-07-24,56
24,2012-07-25,25
25,2012-07-26,51
26,2012-07-27,65
27,2012-07-28,24
28,2012-07-29,17
29,2012-07-30,45
30,2012-07-31,37
0,2012-08-01,32
1,2012-08-02,46
2,2012-08-03,47
3,2012-08-04,41
4,2012-08-05,84
5,2012-08-06,55
6,2012-08-07,45
7,2012-08-08,32
8,2012-08-09,69
9,2012-08-10,52
10,2012-08-11,41
11,2012-08-12,85
12,2012-08-13,41
13,2012-08-14,23
14,2012-08-15,62
15,2012-08-16,39
16,2012-08-17,100
17,2012-08-18,43
18,2012-08-19,83
19,2012-08-20,83
20,2012-08-21,80
21,2012-08-22,80
22,2012-08-23,58
23,2012-08-24,73
24,2012-08-25,82
25,2012-08-26,66
26,2012-08-27,75
27,2012-08-28,51
28,2012-08-29,75
29,2012-08-30,96
30,2012-08-31,71
0,2012-09-01,26
1,2012-09-02,20
2,2012-09-03,31
3,2012-09-04,24
4,2012-09-05,31
5,2012-09-06,25
6,2012-09-07,23
7,2012-09-08,31
8,2012-09-09,49
9,2012-09-10,34
10,2012-09-11,30
11,2012-09-12,24
12,2012-09-13,19
13,2012-09-14,21
14,2012-09-15,40
15,2012-09-16,53
16,2012-09-17,42
17,2012-09-18,39
18,2012-09-19,49
19,2012-09-20,38
20,2012-09-21,47
21,2012-09-22,58
22,2012-09-23,74
23,2012-09-24,65
24,2012-09-25,57
25,2012-09-26,65
26,2012-09-27,68
27,2012-09-28,55
28,2012-09-29,100
29,2012-09-30,93
0,2012-10-01,14
1,2012-10-02,15
2,2012-10-03,14
3,2012-10-04,15
4,2012-10-05,17
5,2012-10-06,27
6,2012-10-07,31
7,2012-10-08,26
8,2012-10-09,23
9,2012-10-10,21
10,2012-10-11,23
11,2012-10-12,28
12,2012-10-13,56
13,2012-10-14,52
14,2012-10-15,28
15,2012-10-16,24
16,2012-10-17,21
17,2012-10-18,24
18,2012-10-19,31
19,2012-10-20,54
20,2012-10-21,68
21,2012-10-22,34
22,2012-10-23,31
23,2012-10-24,32
24,2012-10-25,33
25,2012-10-26,45
26,2012-10-27,71
27,2012-10-28,100
28,2012-10-29,58
29,2012-10-30,70
30,2012-10-31,86
0,2012-11-01,49
1,2012-11-02,21
2,2012-11-03,22
3,2012-11-04,22
4,2012-11-05,17
5,2012-11-06,11
6,2012-11-07,9
7,2012-11-08,13
8,2012-11-09,11
9,2012-11-10,18
10,2012-11-11,19
11,2012-11-12,18
12,2012-11-13,12
13,2012-11-14,14
14,2012-11-15,19
15,2012-11-16,19
16,2012-11-17,26
17,2012-11-18,34
18,2012-11-19,37
19,2012-11-20,36
20,2012-11-21,56
21,2012-11-22,100
22,2012-11-23,18
23,2012-11-24,15
24,2012-11-25,11
25,2012-11-26,9
26,2012-11-27,8
27,2012-11-28,7
28,2012-11-29,9
29,2012-11-30,6
0,2012-12-01,56
1,2012-12-02,56
2,2012-12-03,43
3,2012-12-04,27
4,2012-12-05,26
5,2012-12-06,45
6,2012-12-07,20
7,2012-12-08,53
8,2012-12-09,76
9,2012-12-10,32
10,2012-12-11,27
11,2012-12-12,25
12,2012-12-13,41
13,2012-12-14,37
14,2012-12-15,33
15,2012-12-16,55
16,2012-12-17,35
17,2012-12-18,37
18,2012-12-19,29
19,2012-12-20,37
20,2012-12-21,36
21,2012-12-22,66
22,2012-12-23,93
23,2012-12-24,73
24,2012-12-25,100
25,2012-12-26,34
26,2012-12-27,25
27,2012-12-28,16
28,2012-12-29,36
29,2012-12-30,19
30,2012-12-31,38
0,2013-01-01,93
1,2013-01-02,57
2,2013-01-03,43
3,2013-01-04,59
4,2013-01-05,72
5,2013-01-06,95
6,2013-01-07,75
7,2013-01-08,80
8,2013-01-09,46
9,2013-01-10,62
10,2013-01-11,86
11,2013-01-12,100
12,2013-01-13,78
13,2013-01-14,54
14,2013-01-15,69
15,2013-01-16,66
16,2013-01-17,90
17,2013-01-18,67
18,2013-01-19,75
19,2013-01-20,77
20,2013-01-21,87
21,2013-01-22,39
22,2013-01-23,36
23,2013-01-24,36
24,2013-01-25,42
25,2013-01-26,49
26,2013-01-27,65
27,2013-01-28,49
28,2013-01-29,50
29,2013-01-30,68
30,2013-01-31,63
0,2013-02-01,68
1,2013-02-02,100
2,2013-02-03,88
3,2013-02-04,61
4,2013-02-05,82
5,2013-02-06,63
6,2013-02-07,58
7,2013-02-08,49
8,2013-02-09,64
9,2013-02-10,49
10,2013-02-11,39
11,2013-02-12,52
12,2013-02-13,77
13,2013-02-14,54
14,2013-02-15,51
15,2013-02-16,59
16,2013-02-17,82
17,2013-02-18,75
18,2013-02-19,43
19,2013-02-20,57
20,2013-02-21,71
21,2013-02-22,49
22,2013-02-23,46
23,2013-02-24,59
24,2013-02-25,47
25,2013-02-26,37
26,2013-02-27,33
27,2013-02-28,24
0,2013-03-01,75
1,2013-03-02,100
2,2013-03-03,48
3,2013-03-04,40
4,2013-03-05,58
5,2013-03-06,58
6,2013-03-07,25
7,2013-03-08,65
8,2013-03-09,65
9,2013-03-10,54
10,2013-03-11,44
11,2013-03-12,85
12,2013-03-13,33
13,2013-03-14,77
14,2013-03-15,39
15,2013-03-16,64
16,2013-03-17,74
17,2013-03-18,56
18,2013-03-19,59
19,2013-03-20,58
20,2013-03-21,41
21,2013-03-22,33
22,2013-03-23,87
23,2013-03-24,69
24,2013-03-25,44
25,2013-03-26,47
26,2013-03-27,31
27,2013-03-28,51
28,2013-03-29,69
29,2013-03-30,68
30,2013-03-31,44
0,2013-04-01,58
1,2013-04-02,61
2,2013-04-03,51
3,2013-04-04,50
4,2013-04-05,52
5,2013-04-06,74
6,2013-04-07,100
7,2013-04-08,46
8,2013-04-09,44
9,2013-04-10,40
10,2013-04-11,97
11,2013-04-12,63
12,2013-04-13,43
13,2013-04-14,81
14,2013-04-15,68
15,2013-04-16,44
16,2013-04-17,72
17,2013-04-18,51
18,2013-04-19,32
19,2013-04-20,62
20,2013-04-21,69
21,2013-04-22,72
22,2013-04-23,55
23,2013-04-24,51
24,2013-04-25,56
25,2013-04-26,77
26,2013-04-27,55
27,2013-04-28,93
28,2013-04-29,35
29,2013-04-30,46
0,2013-05-01,63
1,2013-05-02,44
2,2013-05-03,46
3,2013-05-04,63
4,2013-05-05,32
5,2013-05-06,71
6,2013-05-07,37
7,2013-05-08,43
8,2013-05-09,43
9,2013-05-10,88
10,2013-05-11,53
11,2013-05-12,86
12,2013-05-13,75
13,2013-05-14,54
14,2013-05-15,41
15,2013-05-16,79
16,2013-05-17,70
17,2013-05-18,47
18,2013-05-19,78
19,2013-05-20,44
20,2013-05-21,55
21,2013-05-22,56
22,2013-05-23,89
23,2013-05-24,73
24,2013-05-25,32
25,2013-05-26,100
26,2013-05-27,91
27,2013-05-28,69
28,2013-05-29,90
29,2013-05-30,53
30,2013-05-31,47
0,2013-06-01,46
1,2013-06-02,46
2,2013-06-03,74
3,2013-06-04,48
4,2013-06-05,43
5,2013-06-06,100
6,2013-06-07,82
7,2013-06-08,45
8,2013-06-09,77
9,2013-06-10,81
10,2013-06-11,60
11,2013-06-12,48
12,2013-06-13,43
13,2013-06-14,56
14,2013-06-15,44
15,2013-06-16,38
16,2013-06-17,42
17,2013-06-18,97
18,2013-06-19,61
19,2013-06-20,85
20,2013-06-21,53
21,2013-06-22,90
22,2013-06-23,57
23,2013-06-24,40
24,2013-06-25,61
25,2013-06-26,50
26,2013-06-27,46
27,2013-06-28,36
28,2013-06-29,69
29,2013-06-30,79
0,2013-07-01,52
1,2013-07-02,33
2,2013-07-03,31
3,2013-07-04,28
4,2013-07-05,34
5,2013-07-06,30
6,2013-07-07,39
7,2013-07-08,21
8,2013-07-09,44
9,2013-07-10,34
10,2013-07-11,42
11,2013-07-12,42
12,2013-07-13,43
13,2013-07-14,55
14,2013-07-15,38
15,2013-07-16,44
16,2013-07-17,62
17,2013-07-18,32
18,2013-07-19,65
19,2013-07-20,30
20,2013-07-21,36
21,2013-07-22,38
22,2013-07-23,37
23,2013-07-24,47
24,2013-07-25,41
25,2013-07-26,50
26,2013-07-27,39
27,2013-07-28,100
28,2013-07-29,62
29,2013-07-30,68
30,2013-07-31,44
0,2013-08-01,33
1,2013-08-02,41
2,2013-08-03,54
3,2013-08-04,72
4,2013-08-05,30
5,2013-08-06,64
6,2013-08-07,59
7,2013-08-08,66
8,2013-08-09,38
9,2013-08-10,78
10,2013-08-11,38
11,2013-08-12,40
12,2013-08-13,81
13,2013-08-14,39
14,2013-08-15,63
15,2013-08-16,68
16,2013-08-17,61
17,2013-08-18,71
18,2013-08-19,46
19,2013-08-20,58
20,2013-08-21,30
21,2013-08-22,66
22,2013-08-23,61
23,2013-08-24,70
24,2013-08-25,100
25,2013-08-26,55
26,2013-08-27,83
27,2013-08-28,71
28,2013-08-29,97
29,2013-08-30,79
30,2013-08-31,86
0,2013-09-01,25
1,2013-09-02,23
2,2013-09-03,32
3,2013-09-04,21
4,2013-09-05,23
5,2013-09-06,31
6,2013-09-07,43
7,2013-09-08,31
8,2013-09-09,38
9,2013-09-10,36
10,2013-09-11,38
11,2013-09-12,29
12,2013-09-13,36
13,2013-09-14,49
14,2013-09-15,54
15,2013-09-16,47
16,2013-09-17,45
17,2013-09-18,45
18,2013-09-19,46
19,2013-09-20,34
20,2013-09-21,74
21,2013-09-22,84
22,2013-09-23,60
23,2013-09-24,64
24,2013-09-25,72
25,2013-09-26,75
26,2013-09-27,72
27,2013-09-28,84
28,2013-09-29,100
29,2013-09-30,92
0,2013-10-01,14
1,2013-10-02,19
2,2013-10-03,16
3,2013-10-04,18
4,2013-10-05,27
5,2013-10-06,33
6,2013-10-07,20
7,2013-10-08,20
8,2013-10-09,19
9,2013-10-10,22
10,2013-10-11,27
11,2013-10-12,43
12,2013-10-13,53
13,2013-10-14,32
14,2013-10-15,30
15,2013-10-16,23
16,2013-10-17,29
17,2013-10-18,35
18,2013-10-19,72
19,2013-10-20,75
20,2013-10-21,37
21,2013-10-22,32
22,2013-10-23,33
23,2013-10-24,32
24,2013-10-25,40
25,2013-10-26,68
26,2013-10-27,100
27,2013-10-28,59
28,2013-10-29,55
29,2013-10-30,69
30,2013-10-31,99
0,2013-11-01,54
1,2013-11-02,36
2,2013-11-03,40
3,2013-11-04,22
4,2013-11-05,16
5,2013-11-06,17
6,2013-11-07,14
7,2013-11-08,18
8,2013-11-09,19
9,2013-11-10,23
10,2013-11-11,15
11,2013-11-12,17
12,2013-11-13,14
13,2013-11-14,13
14,2013-11-15,13
15,2013-11-16,19
16,2013-11-17,23
17,2013-11-18,21
18,2013-11-19,22
19,2013-11-20,18
20,2013-11-21,22
21,2013-11-22,18
22,2013-11-23,31
23,2013-11-24,40
24,2013-11-25,31
25,2013-11-26,35
26,2013-11-27,71
27,2013-11-28,100
28,2013-11-29,24
29,2013-11-30,13
0,2013-12-01,77
1,2013-12-02,61
2,2013-12-03,55
3,2013-12-04,49
4,2013-12-05,37
5,2013-12-06,43
6,2013-12-07,48
7,2013-12-08,68
8,2013-12-09,37
9,2013-12-10,39
10,2013-12-11,44
11,2013-12-12,42
12,2013-12-13,48
13,2013-12-14,51
14,2013-12-15,33
15,2013-12-16,40
16,2013-12-17,32
17,2013-12-18,28
18,2013-12-19,38
19,2013-12-20,29
20,2013-12-21,57
21,2013-12-22,49
22,2013-12-23,62
23,2013-12-24,100
24,2013-12-25,84
25,2013-12-26,26
26,2013-12-27,27
27,2013-12-28,38
28,2013-12-29,32
29,2013-12-30,30
30,2013-12-31,36
0,2014-01-01,100
1,2014-01-02,46
2,2014-01-03,73
3,2014-01-04,70
4,2014-01-05,71
5,2014-01-06,41
6,2014-01-07,48
7,2014-01-08,43
8,2014-01-09,27
9,2014-01-10,97
10,2014-01-11,51
11,2014-01-12,87
12,2014-01-13,58
13,2014-01-14,27
14,2014-01-15,50
15,2014-01-16,53
16,2014-01-17,44
17,2014-01-18,50
18,2014-01-19,77
19,2014-01-20,65
20,2014-01-21,59
21,2014-01-22,41
22,2014-01-23,47
23,2014-01-24,45
24,2014-01-25,44
25,2014-01-26,82
26,2014-01-27,51
27,2014-01-28,40
28,2014-01-29,36
29,2014-01-30,46
30,2014-01-31,47
0,2014-02-01,57
1,2014-02-02,73
2,2014-02-03,74
3,2014-02-04,45
4,2014-02-05,58
5,2014-02-06,90
6,2014-02-07,38
7,2014-02-08,65
8,2014-02-09,100
9,2014-02-10,77
10,2014-02-11,84
11,2014-02-12,53
12,2014-02-13,36
13,2014-02-14,38
14,2014-02-15,63
15,2014-02-16,71
16,2014-02-17,91
17,2014-02-18,52
18,2014-02-19,69
19,2014-02-20,37
20,2014-02-21,24
21,2014-02-22,82
22,2014-02-23,67
23,2014-02-24,58
24,2014-02-25,45
25,2014-02-26,96
26,2014-02-27,27
27,2014-02-28,57
0,2014-03-01,80
1,2014-03-02,76
2,2014-03-03,72
3,2014-03-04,63
4,2014-03-05,46
5,2014-03-06,93
6,2014-03-07,96
7,2014-03-08,58
8,2014-03-09,96
9,2014-03-10,52
10,2014-03-11,57
11,2014-03-12,76
12,2014-03-13,65
13,2014-03-14,61
14,2014-03-15,76
15,2014-03-16,62
16,2014-03-17,60
17,2014-03-18,48
18,2014-03-19,41
19,2014-03-20,49
20,2014-03-21,100
21,2014-03-22,62
22,2014-03-23,85
23,2014-03-24,54
24,2014-03-25,46
25,2014-03-26,51
26,2014-03-27,70
27,2014-03-28,43
28,2014-03-29,70
29,2014-03-30,88
30,2014-03-31,65
0,2014-04-01,62
1,2014-04-02,43
2,2014-04-03,27
3,2014-04-04,54
4,2014-04-05,75
5,2014-04-06,63
6,2014-04-07,75
7,2014-04-08,47
8,2014-04-09,74
9,2014-04-10,43
10,2014-04-11,72
11,2014-04-12,48
12,2014-04-13,56
13,2014-04-14,39
14,2014-04-15,80
15,2014-04-16,55
16,2014-04-17,34
17,2014-04-18,64
18,2014-04-19,50
19,2014-04-20,97
20,2014-04-21,74
21,2014-04-22,48
22,2014-04-23,60
23,2014-04-24,88
24,2014-04-25,33
25,2014-04-26,56
26,2014-04-27,100
27,2014-04-28,73
28,2014-04-29,49
29,2014-04-30,49
0,2014-05-01,76
1,2014-05-02,54
2,2014-05-03,60
3,2014-05-04,75
4,2014-05-05,83
5,2014-05-06,69
6,2014-05-07,51
7,2014-05-08,46
8,2014-05-09,41
9,2014-05-10,51
10,2014-05-11,69
11,2014-05-12,65
12,2014-05-13,50
13,2014-05-14,68
14,2014-05-15,52
15,2014-05-16,29
16,2014-05-17,51
17,2014-05-18,75
18,2014-05-19,74
19,2014-05-20,52
20,2014-05-21,71
21,2014-05-22,53
22,2014-05-23,55
23,2014-05-24,42
24,2014-05-25,100
25,2014-05-26,50
26,2014-05-27,33
27,2014-05-28,51
28,2014-05-29,39
29,2014-05-30,60
30,2014-05-31,76
0,2014-06-01,50
1,2014-06-02,44
2,2014-06-03,61
3,2014-06-04,100
4,2014-06-05,52
5,2014-06-06,60
6,2014-06-07,67
7,2014-06-08,79
8,2014-06-09,66
9,2014-06-10,66
10,2014-06-11,45
11,2014-06-12,71
12,2014-06-13,52
13,2014-06-14,40
14,2014-06-15,59
15,2014-06-16,44
16,2014-06-17,25
17,2014-06-18,25
18,2014-06-19,51
19,2014-06-20,33
20,2014-06-21,56
21,2014-06-22,92
22,2014-06-23,25
23,2014-06-24,73
24,2014-06-25,69
25,2014-06-26,50
26,2014-06-27,65
27,2014-06-28,64
28,2014-06-29,67
29,2014-06-30,58
0,2014-07-01,50
1,2014-07-02,46
2,2014-07-03,58
3,2014-07-04,41
4,2014-07-05,40
5,2014-07-06,62
6,2014-07-07,61
7,2014-07-08,45
8,2014-07-09,41
9,2014-07-10,36
10,2014-07-11,56
11,2014-07-12,50
12,2014-07-13,57
13,2014-07-14,37
14,2014-07-15,53
15,2014-07-16,54
16,2014-07-17,36
17,2014-07-18,28
18,2014-07-19,52
19,2014-07-20,100
20,2014-07-21,64
21,2014-07-22,93
22,2014-07-23,37
23,2014-07-24,49
24,2014-07-25,79
25,2014-07-26,52
26,2014-07-27,60
27,2014-07-28,69
28,2014-07-29,72
29,2014-07-30,36
30,2014-07-31,41
0,2014-08-01,28
1,2014-08-02,18
2,2014-08-03,48
3,2014-08-04,20
4,2014-08-05,22
5,2014-08-06,22
6,2014-08-07,19
7,2014-08-08,34
8,2014-08-09,25
9,2014-08-10,71
10,2014-08-11,25
11,2014-08-12,24
12,2014-08-13,32
13,2014-08-14,39
14,2014-08-15,33
15,2014-08-16,52
16,2014-08-17,48
17,2014-08-18,30
18,2014-08-19,59
19,2014-08-20,32
20,2014-08-21,23
21,2014-08-22,21
22,2014-08-23,43
23,2014-08-24,58
24,2014-08-25,56
25,2014-08-26,67
26,2014-08-27,39
27,2014-08-28,52
28,2014-08-29,57
29,2014-08-30,47
30,2014-08-31,100
0,2014-09-01,33
1,2014-09-02,17
2,2014-09-03,15
3,2014-09-04,23
4,2014-09-05,25
5,2014-09-06,20
6,2014-09-07,33
7,2014-09-08,36
8,2014-09-09,28
9,2014-09-10,38
10,2014-09-11,32
11,2014-09-12,24
12,2014-09-13,36
13,2014-09-14,47
14,2014-09-15,33
15,2014-09-16,38
16,2014-09-17,39
17,2014-09-18,36
18,2014-09-19,44
19,2014-09-20,58
20,2014-09-21,50
21,2014-09-22,51
22,2014-09-23,53
23,2014-09-24,61
24,2014-09-25,58
25,2014-09-26,69
26,2014-09-27,89
27,2014-09-28,100
28,2014-09-29,85
29,2014-09-30,64
0,2014-10-01,18
1,2014-10-02,16
2,2014-10-03,15
3,2014-10-04,26
4,2014-10-05,35
5,2014-10-06,23
6,2014-10-07,22
7,2014-10-08,23
8,2014-10-09,26
9,2014-10-10,28
10,2014-10-11,45
11,2014-10-12,45
12,2014-10-13,31
13,2014-10-14,29
14,2014-10-15,31
15,2014-10-16,32
16,2014-10-17,34
17,2014-10-18,62
18,2014-10-19,76
19,2014-10-20,33
20,2014-10-21,31
21,2014-10-22,26
22,2014-10-23,33
23,2014-10-24,43
24,2014-10-25,74
25,2014-10-26,99
26,2014-10-27,57
27,2014-10-28,53
28,2014-10-29,50
29,2014-10-30,69
30,2014-10-31,100
0,2014-11-01,71
1,2014-11-02,41
2,2014-11-03,26
3,2014-11-04,19
4,2014-11-05,13
5,2014-11-06,14
6,2014-11-07,14
7,2014-11-08,21
8,2014-11-09,25
9,2014-11-10,16
10,2014-11-11,17
11,2014-11-12,13
12,2014-11-13,14
13,2014-11-14,10
14,2014-11-15,18
15,2014-11-16,22
16,2014-11-17,15
17,2014-11-18,15
18,2014-11-19,16
19,2014-11-20,18
20,2014-11-21,20
21,2014-11-22,30
22,2014-11-23,36
23,2014-11-24,26
24,2014-11-25,39
25,2014-11-26,65
26,2014-11-27,100
27,2014-11-28,23
28,2014-11-29,14
29,2014-11-30,13
0,2014-12-01,53
1,2014-12-02,60
2,2014-12-03,62
3,2014-12-04,59
4,2014-12-05,44
5,2014-12-06,53
6,2014-12-07,76
7,2014-12-08,48
8,2014-12-09,48
9,2014-12-10,41
10,2014-12-11,39
11,2014-12-12,41
12,2014-12-13,54
13,2014-12-14,68
14,2014-12-15,37
15,2014-12-16,39
16,2014-12-17,44
17,2014-12-18,20
18,2014-12-19,37
19,2014-12-20,56
20,2014-12-21,77
21,2014-12-22,50
22,2014-12-23,71
23,2014-12-24,100
24,2014-12-25,78
25,2014-12-26,26
26,2014-12-27,34
27,2014-12-28,42
28,2014-12-29,33
29,2014-12-30,18
30,2014-12-31,25
0,2015-01-01,62
1,2015-01-02,69
2,2015-01-03,56
3,2015-01-04,100
4,2015-01-05,57
5,2015-01-06,40
6,2015-01-07,57
7,2015-01-08,47
8,2015-01-09,51
9,2015-01-10,62
10,2015-01-11,42
11,2015-01-12,38
12,2015-01-13,33
13,2015-01-14,32
14,2015-01-15,49
15,2015-01-16,31
16,2015-01-17,57
17,2015-01-18,82
18,2015-01-19,68
19,2015-01-20,31
20,2015-01-21,60
21,2015-01-22,34
22,2015-01-23,37
23,2015-01-24,44
24,2015-01-25,86
25,2015-01-26,50
26,2015-01-27,35
27,2015-01-28,46
28,2015-01-29,50
29,2015-01-30,46
30,2015-01-31,57
0,2015-02-01,84
1,2015-02-02,90
2,2015-02-03,74
3,2015-02-04,68
4,2015-02-05,63
5,2015-02-06,80
6,2015-02-07,35
7,2015-02-08,65
8,2015-02-09,93
9,2015-02-10,90
10,2015-02-11,46
11,2015-02-12,57
12,2015-02-13,53
13,2015-02-14,79
14,2015-02-15,70
15,2015-02-16,67
16,2015-02-17,29
17,2015-02-18,63
18,2015-02-19,57
19,2015-02-20,58
20,2015-02-21,100
21,2015-02-22,45
22,2015-02-23,62
23,2015-02-24,44
24,2015-02-25,60
25,2015-02-26,55
26,2015-02-27,55
27,2015-02-28,27
0,2015-03-01,80
1,2015-03-02,63
2,2015-03-03,49
3,2015-03-04,71
4,2015-03-05,100
5,2015-03-06,28
6,2015-03-07,77
7,2015-03-08,58
8,2015-03-09,67
9,2015-03-10,43
10,2015-03-11,60
11,2015-03-12,39
12,2015-03-13,51
13,2015-03-14,77
14,2015-03-15,73
15,2015-03-16,34
16,2015-03-17,55
17,2015-03-18,33
18,2015-03-19,61
19,2015-03-20,44
20,2015-03-21,64
21,2015-03-22,58
22,2015-03-23,57
23,2015-03-24,28
24,2015-03-25,37
25,2015-03-26,70
26,2015-03-27,46
27,2015-03-28,96
28,2015-03-29,67
29,2015-03-30,41
30,2015-03-31,28
0,2015-04-01,44
1,2015-04-02,73
2,2015-04-03,36
3,2015-04-04,74
4,2015-04-05,53
5,2015-04-06,47
6,2015-04-07,60
7,2015-04-08,50
8,2015-04-09,45
9,2015-04-10,51
10,2015-04-11,100
11,2015-04-12,59
12,2015-04-13,67
13,2015-04-14,32
14,2015-04-15,27
15,2015-04-16,44
16,2015-04-17,68
17,2015-04-18,42
18,2015-04-19,82
19,2015-04-20,39
20,2015-04-21,43
21,2015-04-22,11
22,2015-04-23,27
23,2015-04-24,39
24,2015-04-25,42
25,2015-04-26,60
26,2015-04-27,39
27,2015-04-28,43
28,2015-04-29,66
29,2015-04-30,50
0,2015-05-01,43
1,2015-05-02,35
2,2015-05-03,85
3,2015-05-04,19
4,2015-05-05,27
5,2015-05-06,18
6,2015-05-07,41
7,2015-05-08,42
8,2015-05-09,66
9,2015-05-10,69
10,2015-05-11,24
11,2015-05-12,36
12,2015-05-13,51
13,2015-05-14,59
14,2015-05-15,56
15,2015-05-16,66
16,2015-05-17,57
17,2015-05-18,100
18,2015-05-19,42
19,2015-05-20,50
20,2015-05-21,58
21,2015-05-22,39
22,2015-05-23,81
23,2015-05-24,58
24,2015-05-25,43
25,2015-05-26,47
26,2015-05-27,51
27,2015-05-28,23
28,2015-05-29,68
29,2015-05-30,68
30,2015-05-31,71
0,2015-06-01,67
1,2015-06-02,71
2,2015-06-03,59
3,2015-06-04,100
4,2015-06-05,55
5,2015-06-06,70
6,2015-06-07,72
7,2015-06-08,68
8,2015-06-09,80
9,2015-06-10,61
10,2015-06-11,68
11,2015-06-12,63
12,2015-06-13,70
13,2015-06-14,36
14,2015-06-15,34
15,2015-06-16,59
16,2015-06-17,59
17,2015-06-18,81
18,2015-06-19,84
19,2015-06-20,51
20,2015-06-21,64
21,2015-06-22,57
22,2015-06-23,63
23,2015-06-24,66
24,2015-06-25,100
25,2015-06-26,43
26,2015-06-27,45
27,2015-06-28,95
28,2015-06-29,73
29,2015-06-30,82
0,2015-07-01,47
1,2015-07-02,43
2,2015-07-03,56
3,2015-07-04,35
4,2015-07-05,75
5,2015-07-06,69
6,2015-07-07,62
7,2015-07-08,62
8,2015-07-09,52
9,2015-07-10,57
10,2015-07-11,57
11,2015-07-12,72
12,2015-07-13,37
13,2015-07-14,67
14,2015-07-15,46
15,2015-07-16,31
16,2015-07-17,43
17,2015-07-18,61
18,2015-07-19,100
19,2015-07-20,49
20,2015-07-21,82
21,2015-07-22,97
22,2015-07-23,78
23,2015-07-24,48
24,2015-07-25,78
25,2015-07-26,94
26,2015-07-27,42
27,2015-07-28,26
28,2015-07-29,54
29,2015-07-30,61
30,2015-07-31,51
0,2015-08-01,31
1,2015-08-02,29
2,2015-08-03,35
3,2015-08-04,43
4,2015-08-05,49
5,2015-08-06,34
6,2015-08-07,35
7,2015-08-08,56
8,2015-08-09,17
9,2015-08-10,38
10,2015-08-11,34
11,2015-08-12,40
12,2015-08-13,31
13,2015-08-14,29
14,2015-08-15,36
15,2015-08-16,25
16,2015-08-17,51
17,2015-08-18,56
18,2015-08-19,78
19,2015-08-20,37
20,2015-08-21,54
21,2015-08-22,74
22,2015-08-23,61
23,2015-08-24,43
24,2015-08-25,63
25,2015-08-26,69
26,2015-08-27,66
27,2015-08-28,46
28,2015-08-29,100
29,2015-08-30,92
30,2015-08-31,58
0,2015-09-01,36
1,2015-09-02,25
2,2015-09-03,16
3,2015-09-04,23
4,2015-09-05,35
5,2015-09-06,29
6,2015-09-07,37
7,2015-09-08,36
8,2015-09-09,31
9,2015-09-10,38
10,2015-09-11,23
11,2015-09-12,28
12,2015-09-13,49
13,2015-09-14,35
14,2015-09-15,50
15,2015-09-16,48
16,2015-09-17,45
17,2015-09-18,34
18,2015-09-19,67
19,2015-09-20,49
20,2015-09-21,42
21,2015-09-22,51
22,2015-09-23,66
23,2015-09-24,56
24,2015-09-25,49
25,2015-09-26,84
26,2015-09-27,100
27,2015-09-28,67
28,2015-09-29,72
29,2015-09-30,68
0,2015-10-01,12
1,2015-10-02,13
2,2015-10-03,24
3,2015-10-04,24
4,2015-10-05,15
5,2015-10-06,15
6,2015-10-07,17
7,2015-10-08,20
8,2015-10-09,19
9,2015-10-10,36
10,2015-10-11,39
11,2015-10-12,25
12,2015-10-13,22
13,2015-10-14,18
14,2015-10-15,16
15,2015-10-16,25
16,2015-10-17,50
17,2015-10-18,58
18,2015-10-19,28
19,2015-10-20,21
20,2015-10-21,25
21,2015-10-22,24
22,2015-10-23,26
23,2015-10-24,50
24,2015-10-25,68
25,2015-10-26,40
26,2015-10-27,38
27,2015-10-28,35
28,2015-10-29,43
29,2015-10-30,61
30,2015-10-31,100
0,2015-11-01,65
1,2015-11-02,22
2,2015-11-03,16
3,2015-11-04,18
4,2015-11-05,13
5,2015-11-06,13
6,2015-11-07,17
7,2015-11-08,21
8,2015-11-09,15
9,2015-11-10,11
10,2015-11-11,16
11,2015-11-12,13
12,2015-11-13,15
13,2015-11-14,17
14,2015-11-15,18
15,2015-11-16,11
16,2015-11-17,13
17,2015-11-18,13
18,2015-11-19,14
19,2015-11-20,18
20,2015-11-21,27
21,2015-11-22,30
22,2015-11-23,25
23,2015-11-24,35
24,2015-11-25,64
25,2015-11-26,100
26,2015-11-27,18
27,2015-11-28,18
28,2015-11-29,14
29,2015-11-30,6
0,2015-12-01,65
1,2015-12-02,50
2,2015-12-03,44
3,2015-12-04,48
4,2015-12-05,55
5,2015-12-06,75
6,2015-12-07,50
7,2015-12-08,38
8,2015-12-09,35
9,2015-12-10,41
10,2015-12-11,48
11,2015-12-12,50
12,2015-12-13,67
13,2015-12-14,68
14,2015-12-15,38
15,2015-12-16,49
16,2015-12-17,50
17,2015-12-18,20
18,2015-12-19,62
19,2015-12-20,76
20,2015-12-21,55
21,2015-12-22,62
22,2015-12-23,48
23,2015-12-24,94
24,2015-12-25,100
25,2015-12-26,38
26,2015-12-27,36
27,2015-12-28,50
28,2015-12-29,38
29,2015-12-30,22
30,2015-12-31,30
0,2016-01-01,39
1,2016-01-02,86
2,2016-01-03,97
3,2016-01-04,62
4,2016-01-05,41
5,2016-01-06,41
6,2016-01-07,29
7,2016-01-08,51
8,2016-01-09,65
9,2016-01-10,100
10,2016-01-11,50
11,2016-01-12,69
12,2016-01-13,67
13,2016-01-14,42
14,2016-01-15,55
15,2016-01-16,69
16,2016-01-17,65
17,2016-01-18,48
18,2016-01-19,56
19,2016-01-20,57
20,2016-01-21,32
21,2016-01-22,39
22,2016-01-23,69
23,2016-01-24,72
24,2016-01-25,57
25,2016-01-26,19
26,2016-01-27,45
27,2016-01-28,47
28,2016-01-29,50
29,2016-01-30,52
30,2016-01-31,72
0,2016-02-01,62
1,2016-02-02,79
2,2016-02-03,57
3,2016-02-04,71
4,2016-02-05,57
5,2016-02-06,86
6,2016-02-07,81
7,2016-02-08,67
8,2016-02-09,55
9,2016-02-10,51
10,2016-02-11,41
11,2016-02-12,90
12,2016-02-13,75
13,2016-02-14,100
14,2016-02-15,78
15,2016-02-16,63
16,2016-02-17,47
17,2016-02-18,84
18,2016-02-19,38
19,2016-02-20,58
20,2016-02-21,94
21,2016-02-22,65
22,2016-02-23,42
23,2016-02-24,31
24,2016-02-25,63
25,2016-02-26,58
26,2016-02-27,88
27,2016-02-28,76
28,2016-02-29,45
0,2016-03-01,42
1,2016-03-02,83
2,2016-03-03,38
3,2016-03-04,23
4,2016-03-05,67
5,2016-03-06,50
6,2016-03-07,38
7,2016-03-08,38
8,2016-03-09,61
9,2016-03-10,27
10,2016-03-11,51
11,2016-03-12,46
12,2016-03-13,82
13,2016-03-14,62
14,2016-03-15,31
15,2016-03-16,27
16,2016-03-17,59
17,2016-03-18,21
18,2016-03-19,74
19,2016-03-20,39
20,2016-03-21,55
21,2016-03-22,47
22,2016-03-23,55
23,2016-03-24,33
24,2016-03-25,41
25,2016-03-26,73
26,2016-03-27,100
27,2016-03-28,68
28,2016-03-29,51
29,2016-03-30,56
30,2016-03-31,60
0,2016-04-01,95
1,2016-04-02,36
2,2016-04-03,65
3,2016-04-04,46
4,2016-04-05,59
5,2016-04-06,59
6,2016-04-07,59
7,2016-04-08,54
8,2016-04-09,62
9,2016-04-10,84
10,2016-04-11,93
11,2016-04-12,64
12,2016-04-13,47
13,2016-04-14,34
14,2016-04-15,79
15,2016-04-16,51
16,2016-04-17,59
17,2016-04-18,46
18,2016-04-19,11
19,2016-04-20,61
20,2016-04-21,94
21,2016-04-22,61
22,2016-04-23,62
23,2016-04-24,41
24,2016-04-25,79
25,2016-04-26,83
26,2016-04-27,67
27,2016-04-28,100
28,2016-04-29,93
29,2016-04-30,48
0,2016-05-01,54
1,2016-05-02,40
2,2016-05-03,94
3,2016-05-04,52
4,2016-05-05,45
5,2016-05-06,77
6,2016-05-07,48
7,2016-05-08,28
8,2016-05-09,36
9,2016-05-10,26
10,2016-05-11,50
11,2016-05-12,37
12,2016-05-13,57
13,2016-05-14,24
14,2016-05-15,85
15,2016-05-16,61
16,2016-05-17,65
17,2016-05-18,47
18,2016-05-19,37
19,2016-05-20,44
20,2016-05-21,70
21,2016-05-22,53
22,2016-05-23,33
23,2016-05-24,51
24,2016-05-25,51
25,2016-05-26,38
26,2016-05-27,40
27,2016-05-28,74
28,2016-05-29,57
29,2016-05-30,100
30,2016-05-31,42
0,2016-06-01,15
1,2016-06-02,69
2,2016-06-03,40
3,2016-06-04,91
4,2016-06-05,43
5,2016-06-06,39
6,2016-06-07,48
7,2016-06-08,29
8,2016-06-09,46
9,2016-06-10,47
10,2016-06-11,62
11,2016-06-12,56
12,2016-06-13,60
13,2016-06-14,33
14,2016-06-15,35
15,2016-06-16,75
16,2016-06-17,65
17,2016-06-18,55
18,2016-06-19,100
19,2016-06-20,39
20,2016-06-21,39
21,2016-06-22,45
22,2016-06-23,35
23,2016-06-24,35
24,2016-06-25,100
25,2016-06-26,39
26,2016-06-27,46
27,2016-06-28,25
28,2016-06-29,77
29,2016-06-30,52
0,2016-07-01,42
1,2016-07-02,33
2,2016-07-03,62
3,2016-07-04,43
4,2016-07-05,52
5,2016-07-06,45
6,2016-07-07,23
7,2016-07-08,42
8,2016-07-09,50
9,2016-07-10,23
10,2016-07-11,55
11,2016-07-12,82
12,2016-07-13,60
13,2016-07-14,53
14,2016-07-15,61
15,2016-07-16,83
16,2016-07-17,79
17,2016-07-18,60
18,2016-07-19,36
19,2016-07-20,41
20,2016-07-21,55
21,2016-07-22,47
22,2016-07-23,71
23,2016-07-24,62
24,2016-07-25,50
25,2016-07-26,61
26,2016-07-27,75
27,2016-07-28,40
28,2016-07-29,59
29,2016-07-30,60
30,2016-07-31,100
0,2016-08-01,53
1,2016-08-02,28
2,2016-08-03,35
3,2016-08-04,32
4,2016-08-05,61
5,2016-08-06,45
6,2016-08-07,41
7,2016-08-08,43
8,2016-08-09,43
9,2016-08-10,62
10,2016-08-11,64
11,2016-08-12,56
12,2016-08-13,72
13,2016-08-14,47
14,2016-08-15,87
15,2016-08-16,68
16,2016-08-17,54
17,2016-08-18,55
18,2016-08-19,44
19,2016-08-20,31
20,2016-08-21,82
21,2016-08-22,61
22,2016-08-23,70
23,2016-08-24,62
24,2016-08-25,54
25,2016-08-26,83
26,2016-08-27,60
27,2016-08-28,68
28,2016-08-29,79
29,2016-08-30,100
30,2016-08-31,81
0,2016-09-01,40
1,2016-09-02,31
2,2016-09-03,41
3,2016-09-04,35
4,2016-09-05,40
5,2016-09-06,38
6,2016-09-07,33
7,2016-09-08,31
8,2016-09-09,48
9,2016-09-10,33
10,2016-09-11,40
11,2016-09-12,44
12,2016-09-13,46
13,2016-09-14,44
14,2016-09-15,50
15,2016-09-16,55
16,2016-09-17,50
17,2016-09-18,46
18,2016-09-19,47
19,2016-09-20,40
20,2016-09-21,53
21,2016-09-22,60
22,2016-09-23,58
23,2016-09-24,78
24,2016-09-25,88
25,2016-09-26,74
26,2016-09-27,67
27,2016-09-28,77
28,2016-09-29,79
29,2016-09-30,100
0,2016-10-01,26
1,2016-10-02,26
2,2016-10-03,18
3,2016-10-04,18
4,2016-10-05,18
5,2016-10-06,18
6,2016-10-07,19
7,2016-10-08,36
8,2016-10-09,41
9,2016-10-10,23
10,2016-10-11,22
11,2016-10-12,20
12,2016-10-13,22
13,2016-10-14,21
14,2016-10-15,53
15,2016-10-16,45
16,2016-10-17,23
17,2016-10-18,22
18,2016-10-19,22
19,2016-10-20,23
20,2016-10-21,30
21,2016-10-22,69
22,2016-10-23,82
23,2016-10-24,37
24,2016-10-25,28
25,2016-10-26,30
26,2016-10-27,33
27,2016-10-28,37
28,2016-10-29,74
29,2016-10-30,100
30,2016-10-31,72
0,2016-11-01,43
1,2016-11-02,19
2,2016-11-03,14
3,2016-11-04,11
4,2016-11-05,21
5,2016-11-06,20
6,2016-11-07,15
7,2016-11-08,11
8,2016-11-09,6
9,2016-11-10,9
10,2016-11-11,11
11,2016-11-12,16
12,2016-11-13,21
13,2016-11-14,14
14,2016-11-15,16
15,2016-11-16,13
16,2016-11-17,15
17,2016-11-18,18
18,2016-11-19,25
19,2016-11-20,34
20,2016-11-21,26
21,2016-11-22,33
22,2016-11-23,64
23,2016-11-24,100
24,2016-11-25,22
25,2016-11-26,15
26,2016-11-27,14
27,2016-11-28,8
28,2016-11-29,8
29,2016-11-30,5
0,2016-12-01,53
1,2016-12-02,34
2,2016-12-03,35
3,2016-12-04,68
4,2016-12-05,44
5,2016-12-06,38
6,2016-12-07,22
7,2016-12-08,37
8,2016-12-09,29
9,2016-12-10,35
10,2016-12-11,63
11,2016-12-12,31
12,2016-12-13,33
13,2016-12-14,40
14,2016-12-15,36
15,2016-12-16,34
16,2016-12-17,44
17,2016-12-18,57
18,2016-12-19,36
19,2016-12-20,24
20,2016-12-21,24
21,2016-12-22,49
22,2016-12-23,63
23,2016-12-24,100
24,2016-12-25,60
25,2016-12-26,34
26,2016-12-27,29
27,2016-12-28,20
28,2016-12-29,25
29,2016-12-30,30
30,2016-12-31,30
0,2017-01-01,85
1,2017-01-02,81
2,2017-01-03,59
3,2017-01-04,70
4,2017-01-05,58
5,2017-01-06,56
6,2017-01-07,100
7,2017-01-08,82
8,2017-01-09,64
9,2017-01-10,44
10,2017-01-11,65
11,2017-01-12,58
12,2017-01-13,38
13,2017-01-14,73
14,2017-01-15,73
15,2017-01-16,62
16,2017-01-17,37
17,2017-01-18,39
18,2017-01-19,56
19,2017-01-20,33
20,2017-01-21,71
21,2017-01-22,57
22,2017-01-23,45
23,2017-01-24,36
24,2017-01-25,51
25,2017-01-26,51
26,2017-01-27,37
27,2017-01-28,52
28,2017-01-29,60
29,2017-01-30,42
30,2017-01-31,38
0,2017-02-01,53
1,2017-02-02,44
2,2017-02-03,63
3,2017-02-04,74
4,2017-02-05,96
5,2017-02-06,44
6,2017-02-07,56
7,2017-02-08,73
8,2017-02-09,69
9,2017-02-10,61
10,2017-02-11,38
11,2017-02-12,67
12,2017-02-13,78
13,2017-02-14,78
14,2017-02-15,67
15,2017-02-16,100
16,2017-02-17,65
17,2017-02-18,36
18,2017-02-19,82
19,2017-02-20,76
20,2017-02-21,62
21,2017-02-22,58
22,2017-02-23,37
23,2017-02-24,66
24,2017-02-25,88
25,2017-02-26,82
26,2017-02-27,59
27,2017-02-28,26
0,2017-03-01,70
1,2017-03-02,45
2,2017-03-03,70
3,2017-03-04,45
4,2017-03-05,66
5,2017-03-06,45
6,2017-03-07,60
7,2017-03-08,47
8,2017-03-09,32
9,2017-03-10,34
10,2017-03-11,75
11,2017-03-12,39
12,2017-03-13,66
13,2017-03-14,64
14,2017-03-15,37
15,2017-03-16,37
16,2017-03-17,34
17,2017-03-18,60
18,2017-03-19,47
19,2017-03-20,46
20,2017-03-21,60
21,2017-03-22,51
22,2017-03-23,63
23,2017-03-24,76
24,2017-03-25,100
25,2017-03-26,83
26,2017-03-27,57
27,2017-03-28,53
28,2017-03-29,44
29,2017-03-30,53
30,2017-03-31,76
0,2017-04-01,97
1,2017-04-02,81
2,2017-04-03,45
3,2017-04-04,68
4,2017-04-05,44
5,2017-04-06,29
6,2017-04-07,30
7,2017-04-08,76
8,2017-04-09,75
9,2017-04-10,60
10,2017-04-11,48
11,2017-04-12,62
12,2017-04-13,29
13,2017-04-14,56
14,2017-04-15,43
15,2017-04-16,90
16,2017-04-17,48
17,2017-04-18,66
18,2017-04-19,33
19,2017-04-20,77
20,2017-04-21,20
21,2017-04-22,61
22,2017-04-23,61
23,2017-04-24,24
24,2017-04-25,37
25,2017-04-26,45
26,2017-04-27,27
27,2017-04-28,47
28,2017-04-29,70
29,2017-04-30,100
0,2017-05-01,56
1,2017-05-02,67
2,2017-05-03,58
3,2017-05-04,27
4,2017-05-05,37
5,2017-05-06,40
6,2017-05-07,52
7,2017-05-08,37
8,2017-05-09,41
9,2017-05-10,60
10,2017-05-11,52
11,2017-05-12,44
12,2017-05-13,61
13,2017-05-14,24
14,2017-05-15,70
15,2017-05-16,29
16,2017-05-17,54
17,2017-05-18,59
18,2017-05-19,52
19,2017-05-20,76
20,2017-05-21,57
21,2017-05-22,35
22,2017-05-23,52
23,2017-05-24,40
24,2017-05-25,50
25,2017-05-26,48
26,2017-05-27,58
27,2017-05-28,27
28,2017-05-29,100
29,2017-05-30,40
30,2017-05-31,53
0,2017-06-01,17
1,2017-06-02,58
2,2017-06-03,84
3,2017-06-04,85
4,2017-06-05,57
5,2017-06-06,49
6,2017-06-07,45
7,2017-06-08,66
8,2017-06-09,41
9,2017-06-10,90
10,2017-06-11,58
11,2017-06-12,86
12,2017-06-13,66
13,2017-06-14,73
14,2017-06-15,71
15,2017-06-16,54
16,2017-06-17,57
17,2017-06-18,86
18,2017-06-19,34
19,2017-06-20,42
20,2017-06-21,54
21,2017-06-22,59
22,2017-06-23,94
23,2017-06-24,54
24,2017-06-25,51
25,2017-06-26,100
26,2017-06-27,29
27,2017-06-28,82
28,2017-06-29,72
29,2017-06-30,56
0,2017-07-01,43
1,2017-07-02,59
2,2017-07-03,40
3,2017-07-04,61
4,2017-07-05,43
5,2017-07-06,30
6,2017-07-07,51
7,2017-07-08,64
8,2017-07-09,60
9,2017-07-10,25
10,2017-07-11,54
11,2017-07-12,93
12,2017-07-13,70
13,2017-07-14,56
14,2017-07-15,60
15,2017-07-16,92
16,2017-07-17,75
17,2017-07-18,58
18,2017-07-19,100
19,2017-07-20,94
20,2017-07-21,98
21,2017-07-22,60
22,2017-07-23,85
23,2017-07-24,76
24,2017-07-25,40
25,2017-07-26,50
26,2017-07-27,70
27,2017-07-28,76
28,2017-07-29,84
29,2017-07-30,100
30,2017-07-31,61
0,2017-08-01,30
1,2017-08-02,40
2,2017-08-03,46
3,2017-08-04,41
4,2017-08-05,37
5,2017-08-06,61
6,2017-08-07,69
7,2017-08-08,40
8,2017-08-09,60
9,2017-08-10,66
10,2017-08-11,54
11,2017-08-12,41
12,2017-08-13,94
13,2017-08-14,60
14,2017-08-15,54
15,2017-08-16,52
16,2017-08-17,64
17,2017-08-18,72
18,2017-08-19,93
19,2017-08-20,77
20,2017-08-21,50
21,2017-08-22,51
22,2017-08-23,77
23,2017-08-24,86
24,2017-08-25,80
25,2017-08-26,100
26,2017-08-27,92
27,2017-08-28,81
28,2017-08-29,84
29,2017-08-30,83
30,2017-08-31,94
0,2017-09-01,27
1,2017-09-02,23
2,2017-09-03,18
3,2017-09-04,30
4,2017-09-05,28
5,2017-09-06,31
6,2017-09-07,31
7,2017-09-08,29
8,2017-09-09,38
9,2017-09-10,31
10,2017-09-11,25
11,2017-09-12,21
12,2017-09-13,28
13,2017-09-14,28
14,2017-09-15,36
15,2017-09-16,54
16,2017-09-17,53
17,2017-09-18,55
18,2017-09-19,38
19,2017-09-20,42
20,2017-09-21,47
21,2017-09-22,48
22,2017-09-23,71
23,2017-09-24,77
24,2017-09-25,42
25,2017-09-26,55
26,2017-09-27,48
27,2017-09-28,54
28,2017-09-29,71
29,2017-09-30,100
0,2017-10-01,24
1,2017-10-02,19
2,2017-10-03,16
3,2017-10-04,15
4,2017-10-05,18
5,2017-10-06,20
6,2017-10-07,34
7,2017-10-08,45
8,2017-10-09,23
9,2017-10-10,19
10,2017-10-11,19
11,2017-10-12,20
12,2017-10-13,26
13,2017-10-14,58
14,2017-10-15,69
15,2017-10-16,30
16,2017-10-17,26
17,2017-10-18,23
18,2017-10-19,21
19,2017-10-20,29
20,2017-10-21,63
21,2017-10-22,72
22,2017-10-23,35
23,2017-10-24,29
24,2017-10-25,28
25,2017-10-26,32
26,2017-10-27,44
27,2017-10-28,72
28,2017-10-29,100
29,2017-10-30,64
30,2017-10-31,78
0,2017-11-01,53
1,2017-11-02,25
2,2017-11-03,20
3,2017-11-04,25
4,2017-11-05,29
5,2017-11-06,18
6,2017-11-07,19
7,2017-11-08,16
8,2017-11-09,16
9,2017-11-10,14
10,2017-11-11,23
11,2017-11-12,22
12,2017-11-13,17
13,2017-11-14,14
14,2017-11-15,19
15,2017-11-16,17
16,2017-11-17,21
17,2017-11-18,30
18,2017-11-19,40
19,2017-11-20,42
20,2017-11-21,41
21,2017-11-22,76
22,2017-11-23,100
23,2017-11-24,26
24,2017-11-25,19
25,2017-11-26,21
26,2017-11-27,10
27,2017-11-28,7
28,2017-11-29,7
29,2017-11-30,7
0,2017-12-01,40
1,2017-12-02,68
2,2017-12-03,70
3,2017-12-04,35
4,2017-12-05,25
5,2017-12-06,30
6,2017-12-07,29
7,2017-12-08,35
8,2017-12-09,41
9,2017-12-10,45
10,2017-12-11,34
11,2017-12-12,26
12,2017-12-13,27
13,2017-12-14,8
14,2017-12-15,27
15,2017-12-16,29
16,2017-12-17,55
17,2017-12-18,38
18,2017-12-19,28
19,2017-12-20,27
20,2017-12-21,34
21,2017-12-22,41
22,2017-12-23,59
23,2017-12-24,100
24,2017-12-25,61
25,2017-12-26,30
26,2017-12-27,34
27,2017-12-28,15
28,2017-12-29,16
29,2017-12-30,33
30,2017-12-31,27
