,date,strawberries
0,2008-01-01,61
1,2008-01-02,0
2,2008-01-03,35
3,2008-01-04,0
4,2008-01-05,47
5,2008-01-06,0
6,2008-01-07,70
7,2008-01-08,34
8,2008-01-09,66
9,2008-01-10,100
10,2008-01-11,69
11,2008-01-12,0
12,2008-01-13,50
13,2008-01-14,0
14,2008-01-15,32
15,2008-01-16,32
16,2008-01-17,33
17,2008-01-18,51
18,2008-01-19,46
19,2008-01-20,48
20,2008-01-21,34
21,2008-01-22,0
22,2008-01-23,0
23,2008-01-24,31
24,2008-01-25,0
25,2008-01-26,0
26,2008-01-27,0
27,2008-01-28,62
28,2008-01-29,0
29,2008-01-30,31
30,2008-01-31,64
0,2008-02-01,62
1,2008-02-02,0
2,2008-02-03,57
3,2008-02-04,0
4,2008-02-05,61
5,2008-02-06,40
6,2008-02-07,0
7,2008-02-08,42
8,2008-02-09,55
9,2008-02-10,59
10,2008-02-11,83
11,2008-02-12,100
12,2008-02-13,40
13,2008-02-14,62
14,2008-02-15,88
15,2008-02-16,0
16,2008-02-17,61
17,2008-02-18,46
18,2008-02-19,0
19,2008-02-20,0
20,2008-02-21,40
21,2008-02-22,0
22,2008-02-23,53
23,2008-02-24,54
24,2008-02-25,0
25,2008-02-26,37
26,2008-02-27,74
27,2008-02-28,0
28,2008-02-29,41
0,2008-03-01,26
1,2008-03-02,0
2,2008-03-03,24
3,2008-03-04,0
4,2008-03-05,23
5,2008-03-06,20
6,2008-03-07,0
7,2008-03-08,40
8,2008-03-09,0
9,2008-03-10,29
10,2008-03-11,38
11,2008-03-12,29
12,2008-03-13,19
13,2008-03-14,23
14,2008-03-15,100
15,2008-03-16,0
16,2008-03-17,0
17,2008-03-18,43
18,2008-03-19,63
19,2008-03-20,38
20,2008-03-21,20
21,2008-03-22,56
22,2008-03-23,0
23,2008-03-24,21
24,2008-03-25,0
25,2008-03-26,17
26,2008-03-27,17
27,2008-03-28,18
28,2008-03-29,24
29,2008-03-30,55
30,2008-03-31,18
0,2008-04-01,19
1,2008-04-02,0
2,2008-04-03,50
3,2008-04-04,20
4,2008-04-05,55
5,2008-04-06,27
6,2008-04-07,78
7,2008-04-08,19
8,2008-04-09,21
9,2008-04-10,42
10,2008-04-11,31
11,2008-04-12,68
12,2008-04-13,28
13,2008-04-14,49
14,2008-04-15,24
15,2008-04-16,49
16,2008-04-17,38
17,2008-04-18,27
18,2008-04-19,36
19,2008-04-20,92
20,2008-04-21,100
21,2008-04-22,71
22,2008-04-23,0
23,2008-04-24,24
24,2008-04-25,26
25,2008-04-26,35
26,2008-04-27,36
27,2008-04-28,48
28,2008-04-29,47
29,2008-04-30,24
0,2008-05-01,35
1,2008-05-02,35
2,2008-05-03,72
3,2008-05-04,25
4,2008-05-05,59
5,2008-05-06,40
6,2008-05-07,41
7,2008-05-08,33
8,2008-05-09,17
9,2008-05-10,71
10,2008-05-11,100
11,2008-05-12,25
12,2008-05-13,32
13,2008-05-14,32
14,2008-05-15,16
15,2008-05-16,17
16,2008-05-17,0
17,2008-05-18,0
18,2008-05-19,17
19,2008-05-20,16
20,2008-05-21,45
21,2008-05-22,32
22,2008-05-23,0
23,2008-05-24,35
24,2008-05-25,25
25,2008-05-26,42
26,2008-05-27,32
27,2008-05-28,16
28,2008-05-29,16
29,2008-05-30,17
30,2008-05-31,23
0,2008-06-01,0
1,2008-06-02,46
2,2008-06-03,67
3,2008-06-04,0
4,2008-06-05,34
5,2008-06-06,48
6,2008-06-07,0
7,2008-06-08,33
8,2008-06-09,23
9,2008-06-10,45
10,2008-06-11,46
11,2008-06-12,47
12,2008-06-13,49
13,2008-06-14,100
14,2008-06-15,36
15,2008-06-16,36
16,2008-06-17,0
17,2008-06-18,23
18,2008-06-19,0
19,2008-06-20,25
20,2008-06-21,34
21,2008-06-22,71
22,2008-06-23,94
23,2008-06-24,34
24,2008-06-25,46
25,2008-06-26,23
26,2008-06-27,24
27,2008-06-28,33
28,2008-06-29,69
29,2008-06-30,23
0,2008-07-01,31
1,2008-07-02,59
2,2008-07-03,67
3,2008-07-04,85
4,2008-07-05,100
5,2008-07-06,49
6,2008-07-07,32
7,2008-07-08,0
8,2008-07-09,32
9,2008-07-10,32
10,2008-07-11,33
11,2008-07-12,0
12,2008-07-13,0
13,2008-07-14,95
14,2008-07-15,46
15,2008-07-16,0
16,2008-07-17,31
17,2008-07-18,33
18,2008-07-19,45
19,2008-07-20,0
20,2008-07-21,31
21,2008-07-22,30
22,2008-07-23,92
23,2008-07-24,0
24,2008-07-25,33
25,2008-07-26,44
26,2008-07-27,46
27,2008-07-28,61
28,2008-07-29,29
29,2008-07-30,0
30,2008-07-31,30
0,2008-08-01,0
1,2008-08-02,48
2,2008-08-03,51
3,2008-08-04,34
4,2008-08-05,33
5,2008-08-06,66
6,2008-08-07,100
7,2008-08-08,0
8,2008-08-09,94
9,2008-08-10,50
10,2008-08-11,67
11,2008-08-12,32
12,2008-08-13,0
13,2008-08-14,33
14,2008-08-15,35
15,2008-08-16,46
16,2008-08-17,49
17,2008-08-18,50
18,2008-08-19,32
19,2008-08-20,32
20,2008-08-21,32
21,2008-08-22,51
22,2008-08-23,0
23,2008-08-24,46
24,2008-08-25,32
25,2008-08-26,31
26,2008-08-27,0
27,2008-08-28,63
28,2008-08-29,34
29,2008-08-30,44
30,2008-08-31,0
0,2008-09-01,89
1,2008-09-02,0
2,2008-09-03,69
3,2008-09-04,35
4,2008-09-05,37
5,2008-09-06,96
6,2008-09-07,50
7,2008-09-08,35
8,2008-09-09,0
9,2008-09-10,0
10,2008-09-11,0
11,2008-09-12,36
12,2008-09-13,0
13,2008-09-14,50
14,2008-09-15,0
15,2008-09-16,34
16,2008-09-17,0
17,2008-09-18,0
18,2008-09-19,0
19,2008-09-20,48
20,2008-09-21,100
21,2008-09-22,34
22,2008-09-23,33
23,2008-09-24,0
24,2008-09-25,33
25,2008-09-26,0
26,2008-09-27,47
27,2008-09-28,0
28,2008-09-29,50
29,2008-09-30,0
0,2008-10-01,69
1,2008-10-02,53
2,2008-10-03,73
3,2008-10-04,0
4,2008-10-05,100
5,2008-10-06,34
6,2008-10-07,34
7,2008-10-08,0
8,2008-10-09,0
9,2008-10-10,36
10,2008-10-11,49
11,2008-10-12,52
12,2008-10-13,35
13,2008-10-14,0
14,2008-10-15,33
15,2008-10-16,0
16,2008-10-17,36
17,2008-10-18,0
18,2008-10-19,50
19,2008-10-20,0
20,2008-10-21,65
21,2008-10-22,0
22,2008-10-23,34
23,2008-10-24,0
24,2008-10-25,0
25,2008-10-26,49
26,2008-10-27,66
27,2008-10-28,0
28,2008-10-29,27
29,2008-10-30,66
30,2008-10-31,36
0,2008-11-01,50
1,2008-11-02,0
2,2008-11-03,49
3,2008-11-04,0
4,2008-11-05,49
5,2008-11-06,0
6,2008-11-07,36
7,2008-11-08,0
8,2008-11-09,100
9,2008-11-10,69
10,2008-11-11,0
11,2008-11-12,33
12,2008-11-13,34
13,2008-11-14,0
14,2008-11-15,96
15,2008-11-16,51
16,2008-11-17,0
17,2008-11-18,34
18,2008-11-19,0
19,2008-11-20,69
20,2008-11-21,36
21,2008-11-22,47
22,2008-11-23,50
23,2008-11-24,35
24,2008-11-25,34
25,2008-11-26,70
26,2008-11-27,0
27,2008-11-28,0
28,2008-11-29,0
29,2008-11-30,49
0,2008-12-01,22
1,2008-12-02,42
2,2008-12-03,21
3,2008-12-04,44
4,2008-12-05,23
5,2008-12-06,0
6,2008-12-07,0
7,2008-12-08,23
8,2008-12-09,22
9,2008-12-10,22
10,2008-12-11,22
11,2008-12-12,23
12,2008-12-13,31
13,2008-12-14,33
14,2008-12-15,23
15,2008-12-16,22
16,2008-12-17,22
17,2008-12-18,0
18,2008-12-19,25
19,2008-12-20,100
20,2008-12-21,36
21,2008-12-22,26
22,2008-12-23,26
23,2008-12-24,0
24,2008-12-25,45
25,2008-12-26,0
26,2008-12-27,0
27,2008-12-28,0
28,2008-12-29,0
29,2008-12-30,52
30,2008-12-31,30
0,2009-01-01,63
1,2009-01-02,42
2,2009-01-03,0
3,2009-01-04,50
4,2009-01-05,0
5,2009-01-06,32
6,2009-01-07,33
7,2009-01-08,32
8,2009-01-09,34
9,2009-01-10,92
10,2009-01-11,98
11,2009-01-12,0
12,2009-01-13,31
13,2009-01-14,63
14,2009-01-15,32
15,2009-01-16,100
16,2009-01-17,45
17,2009-01-18,48
18,2009-01-19,0
19,2009-01-20,0
20,2009-01-21,31
21,2009-01-22,30
22,2009-01-23,64
23,2009-01-24,42
24,2009-01-25,68
25,2009-01-26,47
26,2009-01-27,30
27,2009-01-28,31
28,2009-01-29,92
29,2009-01-30,32
30,2009-01-31,0
0,2009-02-01,100
1,2009-02-02,69
2,2009-02-03,32
3,2009-02-04,65
4,2009-02-05,65
5,2009-02-06,51
6,2009-02-07,68
7,2009-02-08,71
8,2009-02-09,0
9,2009-02-10,47
10,2009-02-11,32
11,2009-02-12,49
12,2009-02-13,86
13,2009-02-14,68
14,2009-02-15,73
15,2009-02-16,35
16,2009-02-17,98
17,2009-02-18,0
18,2009-02-19,66
19,2009-02-20,35
20,2009-02-21,46
21,2009-02-22,0
22,2009-02-23,52
23,2009-02-24,33
24,2009-02-25,32
25,2009-02-26,48
26,2009-02-27,33
27,2009-02-28,0
0,2009-03-01,47
1,2009-03-02,33
2,2009-03-03,31
3,2009-03-04,0
4,2009-03-05,32
5,2009-03-06,34
6,2009-03-07,45
7,2009-03-08,70
8,2009-03-09,33
9,2009-03-10,32
10,2009-03-11,0
11,2009-03-12,64
12,2009-03-13,34
13,2009-03-14,44
14,2009-03-15,45
15,2009-03-16,32
16,2009-03-17,31
17,2009-03-18,32
18,2009-03-19,95
19,2009-03-20,34
20,2009-03-21,0
21,2009-03-22,45
22,2009-03-23,48
23,2009-03-24,78
24,2009-03-25,30
25,2009-03-26,31
26,2009-03-27,100
27,2009-03-28,43
28,2009-03-29,69
29,2009-03-30,47
30,2009-03-31,31
0,2009-04-01,40
1,2009-04-02,17
2,2009-04-03,35
3,2009-04-04,23
4,2009-04-05,49
5,2009-04-06,51
6,2009-04-07,33
7,2009-04-08,50
8,2009-04-09,27
9,2009-04-10,50
10,2009-04-11,100
11,2009-04-12,39
12,2009-04-13,42
13,2009-04-14,16
14,2009-04-15,32
15,2009-04-16,33
16,2009-04-17,35
17,2009-04-18,45
18,2009-04-19,23
19,2009-04-20,25
20,2009-04-21,48
21,2009-04-22,40
22,2009-04-23,24
23,2009-04-24,34
24,2009-04-25,0
25,2009-04-26,34
26,2009-04-27,39
27,2009-04-28,30
28,2009-04-29,60
29,2009-04-30,31
0,2009-05-01,24
1,2009-05-02,20
2,2009-05-03,41
3,2009-05-04,36
4,2009-05-05,42
5,2009-05-06,35
6,2009-05-07,50
7,2009-05-08,23
8,2009-05-09,81
9,2009-05-10,42
10,2009-05-11,36
11,2009-05-12,0
12,2009-05-13,14
13,2009-05-14,28
14,2009-05-15,36
15,2009-05-16,39
16,2009-05-17,100
17,2009-05-18,28
18,2009-05-19,27
19,2009-05-20,34
20,2009-05-21,57
21,2009-05-22,30
22,2009-05-23,40
23,2009-05-24,21
24,2009-05-25,35
25,2009-05-26,41
26,2009-05-27,20
27,2009-05-28,41
28,2009-05-29,44
29,2009-05-30,57
30,2009-05-31,69
0,2009-06-01,53
1,2009-06-02,60
2,2009-06-03,35
3,2009-06-04,36
4,2009-06-05,28
5,2009-06-06,37
6,2009-06-07,51
7,2009-06-08,90
8,2009-06-09,17
9,2009-06-10,35
10,2009-06-11,18
11,2009-06-12,38
12,2009-06-13,37
13,2009-06-14,27
14,2009-06-15,18
15,2009-06-16,26
16,2009-06-17,26
17,2009-06-18,36
18,2009-06-19,75
19,2009-06-20,100
20,2009-06-21,40
21,2009-06-22,54
22,2009-06-23,44
23,2009-06-24,18
24,2009-06-25,43
25,2009-06-26,65
26,2009-06-27,24
27,2009-06-28,51
28,2009-06-29,36
29,2009-06-30,35
0,2009-07-01,37
1,2009-07-02,13
2,2009-07-03,15
3,2009-07-04,18
4,2009-07-05,29
5,2009-07-06,13
6,2009-07-07,18
7,2009-07-08,24
8,2009-07-09,13
9,2009-07-10,0
10,2009-07-11,17
11,2009-07-12,18
12,2009-07-13,12
13,2009-07-14,36
14,2009-07-15,37
15,2009-07-16,19
16,2009-07-17,39
17,2009-07-18,35
18,2009-07-19,28
19,2009-07-20,0
20,2009-07-21,12
21,2009-07-22,12
22,2009-07-23,12
23,2009-07-24,19
24,2009-07-25,34
25,2009-07-26,0
26,2009-07-27,0
27,2009-07-28,100
28,2009-07-29,30
29,2009-07-30,24
30,2009-07-31,13
0,2009-08-01,100
1,2009-08-02,35
2,2009-08-03,24
3,2009-08-04,23
4,2009-08-05,23
5,2009-08-06,36
6,2009-08-07,25
7,2009-08-08,33
8,2009-08-09,34
9,2009-08-10,47
10,2009-08-11,23
11,2009-08-12,23
12,2009-08-13,23
13,2009-08-14,49
14,2009-08-15,65
15,2009-08-16,34
16,2009-08-17,48
17,2009-08-18,0
18,2009-08-19,23
19,2009-08-20,23
20,2009-08-21,24
21,2009-08-22,63
22,2009-08-23,49
23,2009-08-24,45
24,2009-08-25,0
25,2009-08-26,22
26,2009-08-27,34
27,2009-08-28,36
28,2009-08-29,45
29,2009-08-30,32
30,2009-08-31,22
0,2009-09-01,36
1,2009-09-02,37
2,2009-09-03,62
3,2009-09-04,26
4,2009-09-05,69
5,2009-09-06,73
6,2009-09-07,31
7,2009-09-08,49
8,2009-09-09,24
9,2009-09-10,49
10,2009-09-11,26
11,2009-09-12,100
12,2009-09-13,34
13,2009-09-14,24
14,2009-09-15,60
15,2009-09-16,24
16,2009-09-17,24
17,2009-09-18,26
18,2009-09-19,34
19,2009-09-20,35
20,2009-09-21,37
21,2009-09-22,59
22,2009-09-23,36
23,2009-09-24,24
24,2009-09-25,26
25,2009-09-26,33
26,2009-09-27,100
27,2009-09-28,49
28,2009-09-29,48
29,2009-09-30,72
0,2009-10-01,0
1,2009-10-02,27
2,2009-10-03,34
3,2009-10-04,72
4,2009-10-05,26
5,2009-10-06,50
6,2009-10-07,75
7,2009-10-08,52
8,2009-10-09,82
9,2009-10-10,0
10,2009-10-11,36
11,2009-10-12,56
12,2009-10-13,62
13,2009-10-14,50
14,2009-10-15,75
15,2009-10-16,27
16,2009-10-17,34
17,2009-10-18,70
18,2009-10-19,100
19,2009-10-20,37
20,2009-10-21,37
21,2009-10-22,25
22,2009-10-23,27
23,2009-10-24,34
24,2009-10-25,34
25,2009-10-26,49
26,2009-10-27,48
27,2009-10-28,0
28,2009-10-29,25
29,2009-10-30,26
30,2009-10-31,34
0,2009-11-01,57
1,2009-11-02,21
2,2009-11-03,39
3,2009-11-04,19
4,2009-11-05,19
5,2009-11-06,30
6,2009-11-07,0
7,2009-11-08,0
8,2009-11-09,30
9,2009-11-10,38
10,2009-11-11,20
11,2009-11-12,39
12,2009-11-13,30
13,2009-11-14,26
14,2009-11-15,39
15,2009-11-16,59
16,2009-11-17,47
17,2009-11-18,19
18,2009-11-19,48
19,2009-11-20,41
20,2009-11-21,100
21,2009-11-22,39
22,2009-11-23,78
23,2009-11-24,38
24,2009-11-25,30
25,2009-11-26,57
26,2009-11-27,24
27,2009-11-28,0
28,2009-11-29,52
29,2009-11-30,67
0,2009-12-01,70
1,2009-12-02,35
2,2009-12-03,60
3,2009-12-04,88
4,2009-12-05,48
5,2009-12-06,0
6,2009-12-07,48
7,2009-12-08,24
8,2009-12-09,0
9,2009-12-10,48
10,2009-12-11,75
11,2009-12-12,0
12,2009-12-13,49
13,2009-12-14,24
14,2009-12-15,59
15,2009-12-16,24
16,2009-12-17,25
17,2009-12-18,26
18,2009-12-19,34
19,2009-12-20,71
20,2009-12-21,0
21,2009-12-22,26
22,2009-12-23,28
23,2009-12-24,100
24,2009-12-25,44
25,2009-12-26,0
26,2009-12-27,0
27,2009-12-28,28
28,2009-12-29,0
29,2009-12-30,56
30,2009-12-31,31
0,2010-01-01,60
1,2010-01-02,49
2,2010-01-03,0
3,2010-01-04,35
4,2010-01-05,33
5,2010-01-06,67
6,2010-01-07,33
7,2010-01-08,69
8,2010-01-09,0
9,2010-01-10,45
10,2010-01-11,100
11,2010-01-12,32
12,2010-01-13,32
13,2010-01-14,48
14,2010-01-15,0
15,2010-01-16,0
16,2010-01-17,89
17,2010-01-18,68
18,2010-01-19,47
19,2010-01-20,0
20,2010-01-21,31
21,2010-01-22,33
22,2010-01-23,61
23,2010-01-24,43
24,2010-01-25,64
25,2010-01-26,46
26,2010-01-27,31
27,2010-01-28,78
28,2010-01-29,0
29,2010-01-30,0
30,2010-01-31,0
0,2010-02-01,43
1,2010-02-02,53
2,2010-02-03,0
3,2010-02-04,0
4,2010-02-05,66
5,2010-02-06,55
6,2010-02-07,43
7,2010-02-08,44
8,2010-02-09,21
9,2010-02-10,53
10,2010-02-11,64
11,2010-02-12,91
12,2010-02-13,100
13,2010-02-14,31
14,2010-02-15,63
15,2010-02-16,22
16,2010-02-17,63
17,2010-02-18,21
18,2010-02-19,22
19,2010-02-20,0
20,2010-02-21,0
21,2010-02-22,21
22,2010-02-23,40
23,2010-02-24,60
24,2010-02-25,41
25,2010-02-26,21
26,2010-02-27,0
27,2010-02-28,56
0,2010-03-01,56
1,2010-03-02,0
2,2010-03-03,0
3,2010-03-04,0
4,2010-03-05,97
5,2010-03-06,61
6,2010-03-07,63
7,2010-03-08,28
8,2010-03-09,36
9,2010-03-10,27
10,2010-03-11,37
11,2010-03-12,75
12,2010-03-13,47
13,2010-03-14,24
14,2010-03-15,18
15,2010-03-16,36
16,2010-03-17,0
17,2010-03-18,74
18,2010-03-19,39
19,2010-03-20,48
20,2010-03-21,73
21,2010-03-22,37
22,2010-03-23,53
23,2010-03-24,37
24,2010-03-25,27
25,2010-03-26,38
26,2010-03-27,36
27,2010-03-28,100
28,2010-03-29,46
29,2010-03-30,36
30,2010-03-31,38
0,2010-04-01,37
1,2010-04-02,55
2,2010-04-03,64
3,2010-04-04,81
4,2010-04-05,58
5,2010-04-06,45
6,2010-04-07,79
7,2010-04-08,68
8,2010-04-09,96
9,2010-04-10,0
10,2010-04-11,29
11,2010-04-12,67
12,2010-04-13,43
13,2010-04-14,55
14,2010-04-15,44
15,2010-04-16,23
16,2010-04-17,45
17,2010-04-18,75
18,2010-04-19,55
19,2010-04-20,86
20,2010-04-21,77
21,2010-04-22,22
22,2010-04-23,46
23,2010-04-24,73
24,2010-04-25,45
25,2010-04-26,33
26,2010-04-27,21
27,2010-04-28,100
28,2010-04-29,23
29,2010-04-30,97
0,2010-05-01,37
1,2010-05-02,19
2,2010-05-03,55
3,2010-05-04,39
4,2010-05-05,40
5,2010-05-06,34
6,2010-05-07,64
7,2010-05-08,73
8,2010-05-09,56
9,2010-05-10,67
10,2010-05-11,79
11,2010-05-12,59
12,2010-05-13,33
13,2010-05-14,63
14,2010-05-15,54
15,2010-05-16,73
16,2010-05-17,60
17,2010-05-18,32
18,2010-05-19,33
19,2010-05-20,34
20,2010-05-21,28
21,2010-05-22,36
22,2010-05-23,37
23,2010-05-24,20
24,2010-05-25,65
25,2010-05-26,33
26,2010-05-27,20
27,2010-05-28,50
28,2010-05-29,27
29,2010-05-30,100
30,2010-05-31,62
0,2010-06-01,31
1,2010-06-02,38
2,2010-06-03,55
3,2010-06-04,32
4,2010-06-05,20
5,2010-06-06,64
6,2010-06-07,100
7,2010-06-08,30
8,2010-06-09,38
9,2010-06-10,62
10,2010-06-11,56
11,2010-06-12,41
12,2010-06-13,21
13,2010-06-14,31
14,2010-06-15,15
15,2010-06-16,23
16,2010-06-17,55
17,2010-06-18,33
18,2010-06-19,74
19,2010-06-20,34
20,2010-06-21,72
21,2010-06-22,15
22,2010-06-23,23
23,2010-06-24,47
24,2010-06-25,41
25,2010-06-26,0
26,2010-06-27,54
27,2010-06-28,31
28,2010-06-29,23
29,2010-06-30,23
0,2010-07-01,70
1,2010-07-02,45
2,2010-07-03,100
3,2010-07-04,26
4,2010-07-05,45
5,2010-07-06,68
6,2010-07-07,29
7,2010-07-08,39
8,2010-07-09,41
9,2010-07-10,25
10,2010-07-11,51
11,2010-07-12,39
12,2010-07-13,47
13,2010-07-14,28
14,2010-07-15,39
15,2010-07-16,30
16,2010-07-17,73
17,2010-07-18,76
18,2010-07-19,29
19,2010-07-20,38
20,2010-07-21,19
21,2010-07-22,57
22,2010-07-23,40
23,2010-07-24,98
24,2010-07-25,25
25,2010-07-26,19
26,2010-07-27,56
27,2010-07-28,19
28,2010-07-29,0
29,2010-07-30,39
30,2010-07-31,36
0,2010-08-01,0
1,2010-08-02,26
2,2010-08-03,38
3,2010-08-04,26
4,2010-08-05,79
5,2010-08-06,27
6,2010-08-07,100
7,2010-08-08,67
8,2010-08-09,0
9,2010-08-10,50
10,2010-08-11,26
11,2010-08-12,26
12,2010-08-13,81
13,2010-08-14,0
14,2010-08-15,0
15,2010-08-16,0
16,2010-08-17,38
17,2010-08-18,51
18,2010-08-19,26
19,2010-08-20,40
20,2010-08-21,96
21,2010-08-22,48
22,2010-08-23,75
23,2010-08-24,25
24,2010-08-25,25
25,2010-08-26,25
26,2010-08-27,79
27,2010-08-28,31
28,2010-08-29,0
29,2010-08-30,25
30,2010-08-31,0
0,2010-09-01,0
1,2010-09-02,17
2,2010-09-03,35
3,2010-09-04,21
4,2010-09-05,21
5,2010-09-06,19
6,2010-09-07,25
7,2010-09-08,48
8,2010-09-09,41
9,2010-09-10,34
10,2010-09-11,41
11,2010-09-12,82
12,2010-09-13,49
13,2010-09-14,16
14,2010-09-15,25
15,2010-09-16,17
16,2010-09-17,54
17,2010-09-18,22
18,2010-09-19,21
19,2010-09-20,17
20,2010-09-21,100
21,2010-09-22,16
22,2010-09-23,17
23,2010-09-24,26
24,2010-09-25,42
25,2010-09-26,21
26,2010-09-27,25
27,2010-09-28,32
28,2010-09-29,16
29,2010-09-30,25
0,2010-10-01,26
1,2010-10-02,0
2,2010-10-03,32
3,2010-10-04,51
4,2010-10-05,25
5,2010-10-06,59
6,2010-10-07,74
7,2010-10-08,53
8,2010-10-09,32
9,2010-10-10,0
10,2010-10-11,40
11,2010-10-12,53
12,2010-10-13,75
13,2010-10-14,25
14,2010-10-15,52
15,2010-10-16,47
16,2010-10-17,80
17,2010-10-18,0
18,2010-10-19,50
19,2010-10-20,50
20,2010-10-21,38
21,2010-10-22,53
22,2010-10-23,31
23,2010-10-24,31
24,2010-10-25,100
25,2010-10-26,25
26,2010-10-27,37
27,2010-10-28,51
28,2010-10-29,53
29,2010-10-30,31
30,2010-10-31,33
0,2010-11-01,35
1,2010-11-02,33
2,2010-11-03,32
3,2010-11-04,97
4,2010-11-05,34
5,2010-11-06,41
6,2010-11-07,41
7,2010-11-08,33
8,2010-11-09,0
9,2010-11-10,0
10,2010-11-11,0
11,2010-11-12,35
12,2010-11-13,62
13,2010-11-14,0
14,2010-11-15,52
15,2010-11-16,49
16,2010-11-17,33
17,2010-11-18,65
18,2010-11-19,0
19,2010-11-20,39
20,2010-11-21,0
21,2010-11-22,33
22,2010-11-23,65
23,2010-11-24,100
24,2010-11-25,37
25,2010-11-26,0
26,2010-11-27,81
27,2010-11-28,81
28,2010-11-29,64
29,2010-11-30,47
0,2010-12-01,31
1,2010-12-02,48
2,2010-12-03,33
3,2010-12-04,58
4,2010-12-05,60
5,2010-12-06,32
6,2010-12-07,62
7,2010-12-08,32
8,2010-12-09,63
9,2010-12-10,100
10,2010-12-11,39
11,2010-12-12,0
12,2010-12-13,95
13,2010-12-14,0
14,2010-12-15,32
15,2010-12-16,66
16,2010-12-17,34
17,2010-12-18,40
18,2010-12-19,85
19,2010-12-20,33
20,2010-12-21,50
21,2010-12-22,87
22,2010-12-23,56
23,2010-12-24,0
24,2010-12-25,51
25,2010-12-26,46
26,2010-12-27,0
27,2010-12-28,0
28,2010-12-29,35
29,2010-12-30,37
30,2010-12-31,43
0,2011-01-01,62
1,2011-01-02,48
2,2011-01-03,0
3,2011-01-04,50
4,2011-01-05,100
5,2011-01-06,38
6,2011-01-07,26
7,2011-01-08,91
8,2011-01-09,32
9,2011-01-10,38
10,2011-01-11,61
11,2011-01-12,25
12,2011-01-13,0
13,2011-01-14,49
14,2011-01-15,31
15,2011-01-16,0
16,2011-01-17,79
17,2011-01-18,50
18,2011-01-19,48
19,2011-01-20,86
20,2011-01-21,25
21,2011-01-22,31
22,2011-01-23,64
23,2011-01-24,0
24,2011-01-25,49
25,2011-01-26,25
26,2011-01-27,62
27,2011-01-28,38
28,2011-01-29,43
29,2011-01-30,84
30,2011-01-31,91
0,2011-02-01,18
1,2011-02-02,23
2,2011-02-03,19
3,2011-02-04,19
4,2011-02-05,35
5,2011-02-06,12
6,2011-02-07,19
7,2011-02-08,29
8,2011-02-09,40
9,2011-02-10,61
10,2011-02-11,52
11,2011-02-12,74
12,2011-02-13,65
13,2011-02-14,100
14,2011-02-15,42
15,2011-02-16,42
16,2011-02-17,20
17,2011-02-18,10
18,2011-02-19,23
19,2011-02-20,32
20,2011-02-21,22
21,2011-02-22,15
22,2011-02-23,30
23,2011-02-24,29
24,2011-02-25,25
25,2011-02-26,35
26,2011-02-27,25
27,2011-02-28,25
0,2011-03-01,65
1,2011-03-02,19
2,2011-03-03,19
3,2011-03-04,39
4,2011-03-05,70
5,2011-03-06,59
6,2011-03-07,38
7,2011-03-08,18
8,2011-03-09,19
9,2011-03-10,57
10,2011-03-11,36
11,2011-03-12,73
12,2011-03-13,100
13,2011-03-14,81
14,2011-03-15,38
15,2011-03-16,63
16,2011-03-17,74
17,2011-03-18,28
18,2011-03-19,33
19,2011-03-20,57
20,2011-03-21,28
21,2011-03-22,37
22,2011-03-23,37
23,2011-03-24,46
24,2011-03-25,66
25,2011-03-26,68
26,2011-03-27,71
27,2011-03-28,67
28,2011-03-29,57
29,2011-03-30,57
30,2011-03-31,29
0,2011-04-01,26
1,2011-04-02,40
2,2011-04-03,33
3,2011-04-04,52
4,2011-04-05,57
5,2011-04-06,70
6,2011-04-07,45
7,2011-04-08,33
8,2011-04-09,65
9,2011-04-10,58
10,2011-04-11,91
11,2011-04-12,44
12,2011-04-13,57
13,2011-04-14,26
14,2011-04-15,45
15,2011-04-16,97
16,2011-04-17,41
17,2011-04-18,62
18,2011-04-19,75
19,2011-04-20,50
20,2011-04-21,38
21,2011-04-22,80
22,2011-04-23,65
23,2011-04-24,100
24,2011-04-25,40
25,2011-04-26,79
26,2011-04-27,40
27,2011-04-28,67
28,2011-04-29,41
29,2011-04-30,44
0,2011-05-01,60
1,2011-05-02,57
2,2011-05-03,50
3,2011-05-04,100
4,2011-05-05,95
5,2011-05-06,100
6,2011-05-07,99
7,2011-05-08,83
8,2011-05-09,83
9,2011-05-10,49
10,2011-05-11,31
11,2011-05-12,44
12,2011-05-13,52
13,2011-05-14,98
14,2011-05-15,89
15,2011-05-16,49
16,2011-05-17,54
17,2011-05-18,30
18,2011-05-19,31
19,2011-05-20,44
20,2011-05-21,39
21,2011-05-22,56
22,2011-05-23,62
23,2011-05-24,24
24,2011-05-25,42
25,2011-05-26,43
26,2011-05-27,65
27,2011-05-28,73
28,2011-05-29,86
29,2011-05-30,71
30,2011-05-31,56
0,2011-06-01,42
1,2011-06-02,55
2,2011-06-03,72
3,2011-06-04,37
4,2011-06-05,100
5,2011-06-06,25
6,2011-06-07,30
7,2011-06-08,38
8,2011-06-09,70
9,2011-06-10,13
10,2011-06-11,64
11,2011-06-12,42
12,2011-06-13,31
13,2011-06-14,62
14,2011-06-15,31
15,2011-06-16,43
16,2011-06-17,75
17,2011-06-18,84
18,2011-06-19,73
19,2011-06-20,42
20,2011-06-21,72
21,2011-06-22,55
22,2011-06-23,56
23,2011-06-24,26
24,2011-06-25,48
25,2011-06-26,76
26,2011-06-27,63
27,2011-06-28,36
28,2011-06-29,53
29,2011-06-30,36
0,2011-07-01,78
1,2011-07-02,79
2,2011-07-03,73
3,2011-07-04,100
4,2011-07-05,48
5,2011-07-06,59
6,2011-07-07,15
7,2011-07-08,76
8,2011-07-09,66
9,2011-07-10,50
10,2011-07-11,30
11,2011-07-12,58
12,2011-07-13,36
13,2011-07-14,30
14,2011-07-15,54
15,2011-07-16,68
16,2011-07-17,30
17,2011-07-18,53
18,2011-07-19,30
19,2011-07-20,54
20,2011-07-21,39
21,2011-07-22,49
22,2011-07-23,29
23,2011-07-24,83
24,2011-07-25,62
25,2011-07-26,45
26,2011-07-27,38
27,2011-07-28,38
28,2011-07-29,63
29,2011-07-30,58
30,2011-07-31,40
0,2011-08-01,95
1,2011-08-02,58
2,2011-08-03,82
3,2011-08-04,23
4,2011-08-05,61
5,2011-08-06,61
6,2011-08-07,63
7,2011-08-08,60
8,2011-08-09,81
9,2011-08-10,45
10,2011-08-11,55
11,2011-08-12,57
12,2011-08-13,100
13,2011-08-14,74
14,2011-08-15,91
15,2011-08-16,76
16,2011-08-17,33
17,2011-08-18,56
18,2011-08-19,46
19,2011-08-20,42
20,2011-08-21,57
21,2011-08-22,45
22,2011-08-23,54
23,2011-08-24,32
24,2011-08-25,77
25,2011-08-26,45
26,2011-08-27,27
27,2011-08-28,56
28,2011-08-29,67
29,2011-08-30,22
30,2011-08-31,45
0,2011-09-01,39
1,2011-09-02,30
2,2011-09-03,0
3,2011-09-04,100
4,2011-09-05,92
5,2011-09-06,56
6,2011-09-07,55
7,2011-09-08,37
8,2011-09-09,56
9,2011-09-10,45
10,2011-09-11,35
11,2011-09-12,56
12,2011-09-13,27
13,2011-09-14,18
14,2011-09-15,74
15,2011-09-16,38
16,2011-09-17,35
17,2011-09-18,93
18,2011-09-19,29
19,2011-09-20,56
20,2011-09-21,19
21,2011-09-22,38
22,2011-09-23,39
23,2011-09-24,46
24,2011-09-25,70
25,2011-09-26,38
26,2011-09-27,47
27,2011-09-28,19
28,2011-09-29,39
29,2011-09-30,59
0,2011-10-01,75
1,2011-10-02,90
2,2011-10-03,61
3,2011-10-04,67
4,2011-10-05,48
5,2011-10-06,20
6,2011-10-07,61
7,2011-10-08,100
8,2011-10-09,51
9,2011-10-10,40
10,2011-10-11,57
11,2011-10-12,47
12,2011-10-13,40
13,2011-10-14,81
14,2011-10-15,47
15,2011-10-16,24
16,2011-10-17,39
17,2011-10-18,77
18,2011-10-19,96
19,2011-10-20,19
20,2011-10-21,0
21,2011-10-22,60
22,2011-10-23,48
23,2011-10-24,20
24,2011-10-25,0
25,2011-10-26,66
26,2011-10-27,19
27,2011-10-28,19
28,2011-10-29,23
29,2011-10-30,48
30,2011-10-31,48
0,2011-11-01,79
1,2011-11-02,25
2,2011-11-03,100
3,2011-11-04,77
4,2011-11-05,31
5,2011-11-06,30
6,2011-11-07,0
7,2011-11-08,73
8,2011-11-09,25
9,2011-11-10,99
10,2011-11-11,77
11,2011-11-12,59
12,2011-11-13,30
13,2011-11-14,63
14,2011-11-15,85
15,2011-11-16,74
16,2011-11-17,50
17,2011-11-18,26
18,2011-11-19,32
19,2011-11-20,48
20,2011-11-21,94
21,2011-11-22,79
22,2011-11-23,54
23,2011-11-24,48
24,2011-11-25,33
25,2011-11-26,33
26,2011-11-27,96
27,2011-11-28,63
28,2011-11-29,0
29,2011-11-30,51
0,2011-12-01,50
1,2011-12-02,100
2,2011-12-03,59
3,2011-12-04,31
4,2011-12-05,25
5,2011-12-06,0
6,2011-12-07,36
7,2011-12-08,37
8,2011-12-09,49
9,2011-12-10,29
10,2011-12-11,60
11,2011-12-12,25
12,2011-12-13,59
13,2011-12-14,24
14,2011-12-15,48
15,2011-12-16,38
16,2011-12-17,60
17,2011-12-18,31
18,2011-12-19,25
19,2011-12-20,50
20,2011-12-21,50
21,2011-12-22,52
22,2011-12-23,70
23,2011-12-24,49
24,2011-12-25,75
25,2011-12-26,0
26,2011-12-27,28
27,2011-12-28,53
28,2011-12-29,27
29,2011-12-30,27
30,2011-12-31,75
0,2012-01-01,52
1,2012-01-02,21
2,2012-01-03,28
3,2012-01-04,36
4,2012-01-05,36
5,2012-01-06,18
6,2012-01-07,43
7,2012-01-08,45
8,2012-01-09,19
9,2012-01-10,27
10,2012-01-11,37
11,2012-01-12,65
12,2012-01-13,56
13,2012-01-14,45
14,2012-01-15,45
15,2012-01-16,49
16,2012-01-17,74
17,2012-01-18,45
18,2012-01-19,18
19,2012-01-20,44
20,2012-01-21,31
21,2012-01-22,65
22,2012-01-23,0
23,2012-01-24,53
24,2012-01-25,45
25,2012-01-26,45
26,2012-01-27,28
27,2012-01-28,67
28,2012-01-29,23
29,2012-01-30,100
30,2012-01-31,36
0,2012-02-01,11
1,2012-02-02,11
2,2012-02-03,31
3,2012-02-04,11
4,2012-02-05,12
5,2012-02-06,14
6,2012-02-07,11
7,2012-02-08,25
8,2012-02-09,25
9,2012-02-10,25
10,2012-02-11,45
11,2012-02-12,24
12,2012-02-13,43
13,2012-02-14,100
14,2012-02-15,50
15,2012-02-16,27
16,2012-02-17,29
17,2012-02-18,26
18,2012-02-19,17
19,2012-02-20,7
20,2012-02-21,24
21,2012-02-22,17
22,2012-02-23,17
23,2012-02-24,18
24,2012-02-25,16
25,2012-02-26,19
26,2012-02-27,13
27,2012-02-28,13
28,2012-02-29,13
0,2012-03-01,28
1,2012-03-02,30
2,2012-03-03,54
3,2012-03-04,66
4,2012-03-05,67
5,2012-03-06,20
6,2012-03-07,27
7,2012-03-08,34
8,2012-03-09,35
9,2012-03-10,92
10,2012-03-11,59
11,2012-03-12,48
12,2012-03-13,46
13,2012-03-14,59
14,2012-03-15,46
15,2012-03-16,60
16,2012-03-17,39
17,2012-03-18,49
18,2012-03-19,27
19,2012-03-20,33
20,2012-03-21,60
21,2012-03-22,40
22,2012-03-23,42
23,2012-03-24,72
24,2012-03-25,100
25,2012-03-26,49
26,2012-03-27,54
27,2012-03-28,53
28,2012-03-29,48
29,2012-03-30,22
30,2012-03-31,62
0,2012-04-01,34
1,2012-04-02,60
2,2012-04-03,31
3,2012-04-04,27
4,2012-04-05,55
5,2012-04-06,52
6,2012-04-07,56
7,2012-04-08,94
8,2012-04-09,100
9,2012-04-10,47
10,2012-04-11,47
11,2012-04-12,26
12,2012-04-13,38
13,2012-04-14,46
14,2012-04-15,41
15,2012-04-16,38
16,2012-04-17,27
17,2012-04-18,47
18,2012-04-19,39
19,2012-04-20,31
20,2012-04-21,69
21,2012-04-22,70
22,2012-04-23,44
23,2012-04-24,63
24,2012-04-25,56
25,2012-04-26,37
26,2012-04-27,68
27,2012-04-28,97
28,2012-04-29,62
29,2012-04-30,65
0,2012-05-01,47
1,2012-05-02,57
2,2012-05-03,42
3,2012-05-04,36
4,2012-05-05,40
5,2012-05-06,41
6,2012-05-07,42
7,2012-05-08,38
8,2012-05-09,44
9,2012-05-10,65
10,2012-05-11,53
11,2012-05-12,82
12,2012-05-13,92
13,2012-05-14,36
14,2012-05-15,22
15,2012-05-16,29
16,2012-05-17,35
17,2012-05-18,57
18,2012-05-19,41
19,2012-05-20,37
20,2012-05-21,25
21,2012-05-22,31
22,2012-05-23,22
23,2012-05-24,36
24,2012-05-25,45
25,2012-05-26,59
26,2012-05-27,100
27,2012-05-28,53
28,2012-05-29,17
29,2012-05-30,34
30,2012-05-31,27
0,2012-06-01,27
1,2012-06-02,74
2,2012-06-03,50
3,2012-06-04,64
4,2012-06-05,84
5,2012-06-06,57
6,2012-06-07,52
7,2012-06-08,60
8,2012-06-09,65
9,2012-06-10,57
10,2012-06-11,72
11,2012-06-12,50
12,2012-06-13,56
13,2012-06-14,88
14,2012-06-15,20
15,2012-06-16,64
16,2012-06-17,75
17,2012-06-18,64
18,2012-06-19,31
19,2012-06-20,50
20,2012-06-21,89
21,2012-06-22,51
22,2012-06-23,100
23,2012-06-24,90
24,2012-06-25,57
25,2012-06-26,30
26,2012-06-27,55
27,2012-06-28,18
28,2012-06-29,66
29,2012-06-30,75
0,2012-07-01,60
1,2012-07-02,93
2,2012-07-03,100
3,2012-07-04,72
4,2012-07-05,40
5,2012-07-06,49
6,2012-07-07,45
7,2012-07-08,84
8,2012-07-09,52
9,2012-07-10,57
10,2012-07-11,35
11,2012-07-12,34
12,2012-07-13,41
13,2012-07-14,44
14,2012-07-15,54
15,2012-07-16,64
16,2012-07-17,34
17,2012-07-18,40
18,2012-07-19,59
19,2012-07-20,49
20,2012-07-21,46
21,2012-07-22,64
22,2012-07-23,36
23,2012-07-24,29
24,2012-07-25,23
25,2012-07-26,70
26,2012-07-27,36
27,2012-07-28,52
28,2012-07-29,53
29,2012-07-30,59
30,2012-07-31,28
0,2012-08-01,34
1,2012-08-02,94
2,2012-08-03,72
3,2012-08-04,66
4,2012-08-05,100
5,2012-08-06,69
6,2012-08-07,33
7,2012-08-08,85
8,2012-08-09,77
9,2012-08-10,35
10,2012-08-11,77
11,2012-08-12,68
12,2012-08-13,60
13,2012-08-14,68
14,2012-08-15,62
15,2012-08-16,82
16,2012-08-17,75
17,2012-08-18,81
18,2012-08-19,83
19,2012-08-20,36
20,2012-08-21,44
21,2012-08-22,35
22,2012-08-23,36
23,2012-08-24,36
24,2012-08-25,89
25,2012-08-26,45
26,2012-08-27,79
27,2012-08-28,34
28,2012-08-29,61
29,2012-08-30,36
30,2012-08-31,76
0,2012-09-01,47
1,2012-09-02,40
2,2012-09-03,36
3,2012-09-04,14
4,2012-09-05,67
5,2012-09-06,70
6,2012-09-07,36
7,2012-09-08,36
8,2012-09-09,27
9,2012-09-10,14
10,2012-09-11,27
11,2012-09-12,34
12,2012-09-13,14
13,2012-09-14,35
14,2012-09-15,43
15,2012-09-16,35
16,2012-09-17,35
17,2012-09-18,40
18,2012-09-19,27
19,2012-09-20,48
20,2012-09-21,34
21,2012-09-22,50
22,2012-09-23,34
23,2012-09-24,13
24,2012-09-25,13
25,2012-09-26,25
26,2012-09-27,26
27,2012-09-28,26
28,2012-09-29,25
29,2012-09-30,100
0,2012-10-01,0
1,2012-10-02,58
2,2012-10-03,95
3,2012-10-04,72
4,2012-10-05,74
5,2012-10-06,30
6,2012-10-07,75
7,2012-10-08,36
8,2012-10-09,35
9,2012-10-10,45
10,2012-10-11,45
11,2012-10-12,34
12,2012-10-13,55
13,2012-10-14,98
14,2012-10-15,34
15,2012-10-16,65
16,2012-10-17,44
17,2012-10-18,22
18,2012-10-19,23
19,2012-10-20,42
20,2012-10-21,57
21,2012-10-22,54
22,2012-10-23,41
23,2012-10-24,21
24,2012-10-25,20
25,2012-10-26,53
26,2012-10-27,63
27,2012-10-28,75
28,2012-10-29,100
29,2012-10-30,41
30,2012-10-31,34
0,2012-11-01,19
1,2012-11-02,45
2,2012-11-03,22
3,2012-11-04,43
4,2012-11-05,35
5,2012-11-06,63
6,2012-11-07,29
7,2012-11-08,32
8,2012-11-09,100
9,2012-11-10,20
10,2012-11-11,31
11,2012-11-12,26
12,2012-11-13,41
13,2012-11-14,50
14,2012-11-15,51
15,2012-11-16,35
16,2012-11-17,60
17,2012-11-18,53
18,2012-11-19,35
19,2012-11-20,59
20,2012-11-21,53
21,2012-11-22,21
22,2012-11-23,55
23,2012-11-24,22
24,2012-11-25,0
25,2012-11-26,42
26,2012-11-27,32
27,2012-11-28,40
28,2012-11-29,32
29,2012-11-30,32
0,2012-12-01,40
1,2012-12-02,25
2,2012-12-03,21
3,2012-12-04,20
4,2012-12-05,13
5,2012-12-06,14
6,2012-12-07,23
7,2012-12-08,19
8,2012-12-09,38
9,2012-12-10,30
10,2012-12-11,28
11,2012-12-12,14
12,2012-12-13,28
13,2012-12-14,14
14,2012-12-15,33
15,2012-12-16,43
16,2012-12-17,14
17,2012-12-18,27
18,2012-12-19,41
19,2012-12-20,28
20,2012-12-21,28
21,2012-12-22,0
22,2012-12-23,25
23,2012-12-24,50
24,2012-12-25,29
25,2012-12-26,24
26,2012-12-27,0
27,2012-12-28,30
28,2012-12-29,100
29,2012-12-30,34
30,2012-12-31,31
0,2013-01-01,63
1,2013-01-02,33
2,2013-01-03,48
3,2013-01-04,32
4,2013-01-05,37
5,2013-01-06,55
6,2013-01-07,24
7,2013-01-08,39
8,2013-01-09,39
9,2013-01-10,24
10,2013-01-11,24
11,2013-01-12,46
12,2013-01-13,66
13,2013-01-14,0
14,2013-01-15,31
15,2013-01-16,39
16,2013-01-17,48
17,2013-01-18,33
18,2013-01-19,48
19,2013-01-20,59
20,2013-01-21,51
21,2013-01-22,34
22,2013-01-23,18
23,2013-01-24,49
24,2013-01-25,68
25,2013-01-26,50
26,2013-01-27,81
27,2013-01-28,100
28,2013-01-29,26
29,2013-01-30,26
30,2013-01-31,54
0,2013-02-01,17
1,2013-02-02,16
2,2013-02-03,27
3,2013-02-04,15
4,2013-02-05,19
5,2013-02-06,19
6,2013-02-07,27
7,2013-02-08,24
8,2013-02-09,16
9,2013-02-10,28
10,2013-02-11,32
11,2013-02-12,25
12,2013-02-13,49
13,2013-02-14,100
14,2013-02-15,43
15,2013-02-16,21
16,2013-02-17,18
17,2013-02-18,26
18,2013-02-19,20
19,2013-02-20,13
20,2013-02-21,12
21,2013-02-22,7
22,2013-02-23,20
23,2013-02-24,19
24,2013-02-25,22
25,2013-02-26,11
26,2013-02-27,20
27,2013-02-28,8
0,2013-03-01,29
1,2013-03-02,38
2,2013-03-03,56
3,2013-03-04,25
4,2013-03-05,28
5,2013-03-06,21
6,2013-03-07,32
7,2013-03-08,36
8,2013-03-09,38
9,2013-03-10,44
10,2013-03-11,36
11,2013-03-12,51
12,2013-03-13,45
13,2013-03-14,21
14,2013-03-15,49
15,2013-03-16,55
16,2013-03-17,48
17,2013-03-18,29
18,2013-03-19,39
19,2013-03-20,42
20,2013-03-21,44
21,2013-03-22,12
22,2013-03-23,44
23,2013-03-24,85
24,2013-03-25,43
25,2013-03-26,30
26,2013-03-27,41
27,2013-03-28,26
28,2013-03-29,35
29,2013-03-30,62
30,2013-03-31,100
0,2013-04-01,43
1,2013-04-02,21
2,2013-04-03,33
3,2013-04-04,64
4,2013-04-05,29
5,2013-04-06,64
6,2013-04-07,80
7,2013-04-08,33
8,2013-04-09,57
9,2013-04-10,49
10,2013-04-11,54
11,2013-04-12,55
12,2013-04-13,64
13,2013-04-14,40
14,2013-04-15,82
15,2013-04-16,68
16,2013-04-17,37
17,2013-04-18,54
18,2013-04-19,30
19,2013-04-20,55
20,2013-04-21,71
21,2013-04-22,79
22,2013-04-23,57
23,2013-04-24,57
24,2013-04-25,45
25,2013-04-26,42
26,2013-04-27,44
27,2013-04-28,100
28,2013-04-29,64
29,2013-04-30,57
0,2013-05-01,50
1,2013-05-02,25
2,2013-05-03,46
3,2013-05-04,62
4,2013-05-05,35
5,2013-05-06,46
6,2013-05-07,49
7,2013-05-08,40
8,2013-05-09,41
9,2013-05-10,51
10,2013-05-11,100
11,2013-05-12,77
12,2013-05-13,33
13,2013-05-14,37
14,2013-05-15,24
15,2013-05-16,16
16,2013-05-17,53
17,2013-05-18,48
18,2013-05-19,49
19,2013-05-20,42
20,2013-05-21,24
21,2013-05-22,52
22,2013-05-23,23
23,2013-05-24,32
24,2013-05-25,46
25,2013-05-26,63
26,2013-05-27,40
27,2013-05-28,37
28,2013-05-29,60
29,2013-05-30,32
30,2013-05-31,27
0,2013-06-01,40
1,2013-06-02,100
2,2013-06-03,56
3,2013-06-04,16
4,2013-06-05,44
5,2013-06-06,37
6,2013-06-07,41
7,2013-06-08,59
8,2013-06-09,45
9,2013-06-10,73
10,2013-06-11,54
11,2013-06-12,51
12,2013-06-13,32
13,2013-06-14,52
14,2013-06-15,24
15,2013-06-16,50
16,2013-06-17,47
17,2013-06-18,48
18,2013-06-19,29
19,2013-06-20,41
20,2013-06-21,38
21,2013-06-22,55
22,2013-06-23,65
23,2013-06-24,22
24,2013-06-25,18
25,2013-06-26,22
26,2013-06-27,19
27,2013-06-28,46
28,2013-06-29,63
29,2013-06-30,47
0,2013-07-01,23
1,2013-07-02,30
2,2013-07-03,58
3,2013-07-04,100
4,2013-07-05,26
5,2013-07-06,16
6,2013-07-07,49
7,2013-07-08,26
8,2013-07-09,25
9,2013-07-10,42
10,2013-07-11,35
11,2013-07-12,39
12,2013-07-13,32
13,2013-07-14,42
14,2013-07-15,34
15,2013-07-16,37
16,2013-07-17,21
17,2013-07-18,31
18,2013-07-19,36
19,2013-07-20,49
20,2013-07-21,90
21,2013-07-22,34
22,2013-07-23,17
23,2013-07-24,29
24,2013-07-25,47
25,2013-07-26,31
26,2013-07-27,32
27,2013-07-28,57
28,2013-07-29,48
29,2013-07-30,42
30,2013-07-31,38
0,2013-08-01,60
1,2013-08-02,0
2,2013-08-03,100
3,2013-08-04,60
4,2013-08-05,59
5,2013-08-06,52
6,2013-08-07,59
7,2013-08-08,53
8,2013-08-09,48
9,2013-08-10,81
10,2013-08-11,34
11,2013-08-12,27
12,2013-08-13,77
13,2013-08-14,66
14,2013-08-15,40
15,2013-08-16,27
16,2013-08-17,90
17,2013-08-18,42
18,2013-08-19,46
19,2013-08-20,39
20,2013-08-21,46
21,2013-08-22,27
22,2013-08-23,41
23,2013-08-24,33
24,2013-08-25,67
25,2013-08-26,71
26,2013-08-27,13
27,2013-08-28,26
28,2013-08-29,32
29,2013-08-30,0
30,2013-08-31,47
0,2013-09-01,77
1,2013-09-02,100
2,2013-09-03,43
3,2013-09-04,17
4,2013-09-05,25
5,2013-09-06,43
6,2013-09-07,73
7,2013-09-08,62
8,2013-09-09,93
9,2013-09-10,32
10,2013-09-11,50
11,2013-09-12,67
12,2013-09-13,60
13,2013-09-14,52
14,2013-09-15,42
15,2013-09-16,34
16,2013-09-17,33
17,2013-09-18,17
18,2013-09-19,17
19,2013-09-20,44
20,2013-09-21,61
21,2013-09-22,75
22,2013-09-23,17
23,2013-09-24,17
24,2013-09-25,34
25,2013-09-26,53
26,2013-09-27,18
27,2013-09-28,66
28,2013-09-29,33
29,2013-09-30,52
0,2013-10-01,38
1,2013-10-02,49
2,2013-10-03,80
3,2013-10-04,61
4,2013-10-05,50
5,2013-10-06,38
6,2013-10-07,30
7,2013-10-08,39
8,2013-10-09,59
9,2013-10-10,40
10,2013-10-11,41
11,2013-10-12,75
12,2013-10-13,76
13,2013-10-14,70
14,2013-10-15,59
15,2013-10-16,59
16,2013-10-17,40
17,2013-10-18,61
18,2013-10-19,100
19,2013-10-20,63
20,2013-10-21,60
21,2013-10-22,48
22,2013-10-23,68
23,2013-10-24,50
24,2013-10-25,61
25,2013-10-26,88
26,2013-10-27,51
27,2013-10-28,20
28,2013-10-29,39
29,2013-10-30,99
30,2013-10-31,20
0,2013-11-01,64
1,2013-11-02,68
2,2013-11-03,45
3,2013-11-04,19
4,2013-11-05,27
5,2013-11-06,47
6,2013-11-07,19
7,2013-11-08,39
8,2013-11-09,36
9,2013-11-10,25
10,2013-11-11,60
11,2013-11-12,48
12,2013-11-13,38
13,2013-11-14,67
14,2013-11-15,29
15,2013-11-16,47
16,2013-11-17,24
17,2013-11-18,29
18,2013-11-19,56
19,2013-11-20,47
20,2013-11-21,19
21,2013-11-22,20
22,2013-11-23,24
23,2013-11-24,100
24,2013-11-25,40
25,2013-11-26,49
26,2013-11-27,40
27,2013-11-28,48
28,2013-11-29,25
29,2013-11-30,48
0,2013-12-01,28
1,2013-12-02,23
2,2013-12-03,30
3,2013-12-04,15
4,2013-12-05,16
5,2013-12-06,16
6,2013-12-07,48
7,2013-12-08,40
8,2013-12-09,16
9,2013-12-10,30
10,2013-12-11,30
11,2013-12-12,53
12,2013-12-13,100
13,2013-12-14,46
14,2013-12-15,56
15,2013-12-16,30
16,2013-12-17,58
17,2013-12-18,22
18,2013-12-19,69
19,2013-12-20,16
20,2013-12-21,28
21,2013-12-22,40
22,2013-12-23,61
23,2013-12-24,73
24,2013-12-25,23
25,2013-12-26,29
26,2013-12-27,27
27,2013-12-28,20
28,2013-12-29,59
29,2013-12-30,51
30,2013-12-31,25
0,2014-01-01,40
1,2014-01-02,32
2,2014-01-03,61
3,2014-01-04,70
4,2014-01-05,84
5,2014-01-06,60
6,2014-01-07,48
7,2014-01-08,39
8,2014-01-09,58
9,2014-01-10,50
10,2014-01-11,35
11,2014-01-12,72
12,2014-01-13,58
13,2014-01-14,95
14,2014-01-15,30
15,2014-01-16,32
16,2014-01-17,43
17,2014-01-18,40
18,2014-01-19,68
19,2014-01-20,23
20,2014-01-21,84
21,2014-01-22,41
22,2014-01-23,50
23,2014-01-24,82
24,2014-01-25,38
25,2014-01-26,78
26,2014-01-27,30
27,2014-01-28,79
28,2014-01-29,39
29,2014-01-30,68
30,2014-01-31,100
0,2014-02-01,16
1,2014-02-02,14
2,2014-02-03,9
3,2014-02-04,24
4,2014-02-05,17
5,2014-02-06,27
6,2014-02-07,31
7,2014-02-08,28
8,2014-02-09,18
9,2014-02-10,15
10,2014-02-11,29
11,2014-02-12,30
12,2014-02-13,76
13,2014-02-14,100
14,2014-02-15,46
15,2014-02-16,24
16,2014-02-17,24
17,2014-02-18,11
18,2014-02-19,17
19,2014-02-20,11
20,2014-02-21,17
21,2014-02-22,24
22,2014-02-23,22
23,2014-02-24,12
24,2014-02-25,9
25,2014-02-26,24
26,2014-02-27,11
27,2014-02-28,15
0,2014-03-01,35
1,2014-03-02,18
2,2014-03-03,34
3,2014-03-04,28
4,2014-03-05,32
5,2014-03-06,47
6,2014-03-07,39
7,2014-03-08,53
8,2014-03-09,59
9,2014-03-10,51
10,2014-03-11,37
11,2014-03-12,37
12,2014-03-13,52
13,2014-03-14,84
14,2014-03-15,12
15,2014-03-16,56
16,2014-03-17,38
17,2014-03-18,38
18,2014-03-19,38
19,2014-03-20,54
20,2014-03-21,30
21,2014-03-22,37
22,2014-03-23,100
23,2014-03-24,38
24,2014-03-25,28
25,2014-03-26,60
26,2014-03-27,37
27,2014-03-28,19
28,2014-03-29,73
29,2014-03-30,88
30,2014-03-31,43
0,2014-04-01,38
1,2014-04-02,16
2,2014-04-03,46
3,2014-04-04,53
4,2014-04-05,13
5,2014-04-06,30
6,2014-04-07,40
7,2014-04-08,32
8,2014-04-09,39
9,2014-04-10,23
10,2014-04-11,30
11,2014-04-12,46
12,2014-04-13,78
13,2014-04-14,48
14,2014-04-15,46
15,2014-04-16,47
16,2014-04-17,38
17,2014-04-18,57
18,2014-04-19,74
19,2014-04-20,100
20,2014-04-21,31
21,2014-04-22,49
22,2014-04-23,30
23,2014-04-24,40
24,2014-04-25,47
25,2014-04-26,56
26,2014-04-27,61
27,2014-04-28,48
28,2014-04-29,37
29,2014-04-30,36
0,2014-05-01,25
1,2014-05-02,38
2,2014-05-03,18
3,2014-05-04,29
4,2014-05-05,34
5,2014-05-06,42
6,2014-05-07,41
7,2014-05-08,55
8,2014-05-09,42
9,2014-05-10,60
10,2014-05-11,100
11,2014-05-12,46
12,2014-05-13,25
13,2014-05-14,22
14,2014-05-15,19
15,2014-05-16,42
16,2014-05-17,39
17,2014-05-18,58
18,2014-05-19,55
19,2014-05-20,36
20,2014-05-21,37
21,2014-05-22,28
22,2014-05-23,20
23,2014-05-24,45
24,2014-05-25,18
25,2014-05-26,40
26,2014-05-27,35
27,2014-05-28,21
28,2014-05-29,13
29,2014-05-30,39
30,2014-05-31,24
0,2014-06-01,64
1,2014-06-02,73
2,2014-06-03,36
3,2014-06-04,72
4,2014-06-05,81
5,2014-06-06,59
6,2014-06-07,65
7,2014-06-08,75
8,2014-06-09,32
9,2014-06-10,95
10,2014-06-11,62
11,2014-06-12,49
12,2014-06-13,69
13,2014-06-14,100
14,2014-06-15,64
15,2014-06-16,42
16,2014-06-17,36
17,2014-06-18,54
18,2014-06-19,61
19,2014-06-20,32
20,2014-06-21,77
21,2014-06-22,89
22,2014-06-23,43
23,2014-06-24,53
24,2014-06-25,42
25,2014-06-26,54
26,2014-06-27,57
27,2014-06-28,62
28,2014-06-29,57
29,2014-06-30,37
0,2014-07-01,23
1,2014-07-02,43
2,2014-07-03,54
3,2014-07-04,72
4,2014-07-05,100
5,2014-07-06,70
6,2014-07-07,33
7,2014-07-08,45
8,2014-07-09,74
9,2014-07-10,19
10,2014-07-11,28
11,2014-07-12,34
12,2014-07-13,52
13,2014-07-14,9
14,2014-07-15,27
15,2014-07-16,32
16,2014-07-17,50
17,2014-07-18,38
18,2014-07-19,41
19,2014-07-20,36
20,2014-07-21,28
21,2014-07-22,13
22,2014-07-23,23
23,2014-07-24,32
24,2014-07-25,19
25,2014-07-26,29
26,2014-07-27,24
27,2014-07-28,47
28,2014-07-29,27
29,2014-07-30,32
30,2014-07-31,23
0,2014-08-01,37
1,2014-08-02,46
2,2014-08-03,59
3,2014-08-04,83
4,2014-08-05,63
5,2014-08-06,100
6,2014-08-07,57
7,2014-08-08,38
8,2014-08-09,92
9,2014-08-10,84
10,2014-08-11,37
11,2014-08-12,62
12,2014-08-13,36
13,2014-08-14,100
14,2014-08-15,65
15,2014-08-16,34
16,2014-08-17,47
17,2014-08-18,37
18,2014-08-19,45
19,2014-08-20,36
20,2014-08-21,56
21,2014-08-22,98
22,2014-08-23,87
23,2014-08-24,47
24,2014-08-25,69
25,2014-08-26,57
26,2014-08-27,38
27,2014-08-28,76
28,2014-08-29,20
29,2014-08-30,63
30,2014-08-31,53
0,2014-09-01,73
1,2014-09-02,19
2,2014-09-03,28
3,2014-09-04,57
4,2014-09-05,80
5,2014-09-06,38
6,2014-09-07,64
7,2014-09-08,39
8,2014-09-09,47
9,2014-09-10,57
10,2014-09-11,57
11,2014-09-12,68
12,2014-09-13,62
13,2014-09-14,50
14,2014-09-15,100
15,2014-09-16,71
16,2014-09-17,40
17,2014-09-18,38
18,2014-09-19,50
19,2014-09-20,39
20,2014-09-21,78
21,2014-09-22,20
22,2014-09-23,29
23,2014-09-24,68
24,2014-09-25,19
25,2014-09-26,29
26,2014-09-27,51
27,2014-09-28,26
28,2014-09-29,39
29,2014-09-30,47
0,2014-10-01,13
1,2014-10-02,20
2,2014-10-03,28
3,2014-10-04,18
4,2014-10-05,54
5,2014-10-06,27
6,2014-10-07,19
7,2014-10-08,38
8,2014-10-09,26
9,2014-10-10,35
10,2014-10-11,18
11,2014-10-12,0
12,2014-10-13,20
13,2014-10-14,26
14,2014-10-15,26
15,2014-10-16,20
16,2014-10-17,13
17,2014-10-18,44
18,2014-10-19,18
19,2014-10-20,13
20,2014-10-21,38
21,2014-10-22,13
22,2014-10-23,12
23,2014-10-24,30
24,2014-10-25,28
25,2014-10-26,15
26,2014-10-27,28
27,2014-10-28,34
28,2014-10-29,100
29,2014-10-30,11
30,2014-10-31,24
0,2014-11-01,71
1,2014-11-02,35
2,2014-11-03,55
3,2014-11-04,52
4,2014-11-05,51
5,2014-11-06,77
6,2014-11-07,40
7,2014-11-08,49
8,2014-11-09,67
9,2014-11-10,54
10,2014-11-11,53
11,2014-11-12,26
12,2014-11-13,50
13,2014-11-14,51
14,2014-11-15,78
15,2014-11-16,49
16,2014-11-17,52
17,2014-11-18,95
18,2014-11-19,53
19,2014-11-20,25
20,2014-11-21,52
21,2014-11-22,46
22,2014-11-23,33
23,2014-11-24,27
24,2014-11-25,65
25,2014-11-26,55
26,2014-11-27,96
27,2014-11-28,100
28,2014-11-29,32
29,2014-11-30,48
0,2014-12-01,39
1,2014-12-02,66
2,2014-12-03,67
3,2014-12-04,58
4,2014-12-05,59
5,2014-12-06,60
6,2014-12-07,100
7,2014-12-08,60
8,2014-12-09,78
9,2014-12-10,60
10,2014-12-11,30
11,2014-12-12,41
12,2014-12-13,0
13,2014-12-14,69
14,2014-12-15,43
15,2014-12-16,52
16,2014-12-17,43
17,2014-12-18,33
18,2014-12-19,56
19,2014-12-20,80
20,2014-12-21,29
21,2014-12-22,48
22,2014-12-23,36
23,2014-12-24,93
24,2014-12-25,0
25,2014-12-26,59
26,2014-12-27,44
27,2014-12-28,75
28,2014-12-29,0
29,2014-12-30,37
30,2014-12-31,26
0,2015-01-01,22
1,2015-01-02,19
2,2015-01-03,20
3,2015-01-04,100
4,2015-01-05,16
5,2015-01-06,39
6,2015-01-07,31
7,2015-01-08,30
8,2015-01-09,16
9,2015-01-10,29
10,2015-01-11,49
11,2015-01-12,32
12,2015-01-13,53
13,2015-01-14,30
14,2015-01-15,57
15,2015-01-16,14
16,2015-01-17,52
17,2015-01-18,54
18,2015-01-19,71
19,2015-01-20,36
20,2015-01-21,21
21,2015-01-22,36
22,2015-01-23,35
23,2015-01-24,69
24,2015-01-25,63
25,2015-01-26,43
26,2015-01-27,96
27,2015-01-28,56
28,2015-01-29,51
29,2015-01-30,68
30,2015-01-31,66
0,2015-02-01,30
1,2015-02-02,14
2,2015-02-03,18
3,2015-02-04,23
4,2015-02-05,25
5,2015-02-06,14
6,2015-02-07,25
7,2015-02-08,29
8,2015-02-09,35
9,2015-02-10,38
10,2015-02-11,57
11,2015-02-12,38
12,2015-02-13,84
13,2015-02-14,100
14,2015-02-15,40
15,2015-02-16,34
16,2015-02-17,9
17,2015-02-18,11
18,2015-02-19,23
19,2015-02-20,16
20,2015-02-21,20
21,2015-02-22,18
22,2015-02-23,11
23,2015-02-24,9
24,2015-02-25,15
25,2015-02-26,15
26,2015-02-27,15
27,2015-02-28,16
0,2015-03-01,69
1,2015-03-02,55
2,2015-03-03,29
3,2015-03-04,40
4,2015-03-05,53
5,2015-03-06,42
6,2015-03-07,66
7,2015-03-08,99
8,2015-03-09,71
9,2015-03-10,46
10,2015-03-11,23
11,2015-03-12,81
12,2015-03-13,59
13,2015-03-14,44
14,2015-03-15,85
15,2015-03-16,89
16,2015-03-17,63
17,2015-03-18,35
18,2015-03-19,64
19,2015-03-20,47
20,2015-03-21,82
21,2015-03-22,62
22,2015-03-23,72
23,2015-03-24,83
24,2015-03-25,40
25,2015-03-26,59
26,2015-03-27,73
27,2015-03-28,100
28,2015-03-29,88
29,2015-03-30,49
30,2015-03-31,54
0,2015-04-01,72
1,2015-04-02,57
2,2015-04-03,67
3,2015-04-04,67
4,2015-04-05,100
5,2015-04-06,42
6,2015-04-07,11
7,2015-04-08,78
8,2015-04-09,56
9,2015-04-10,46
10,2015-04-11,72
11,2015-04-12,75
12,2015-04-13,66
13,2015-04-14,48
14,2015-04-15,55
15,2015-04-16,55
16,2015-04-17,85
17,2015-04-18,93
18,2015-04-19,75
19,2015-04-20,84
20,2015-04-21,92
21,2015-04-22,49
22,2015-04-23,61
23,2015-04-24,62
24,2015-04-25,49
25,2015-04-26,68
26,2015-04-27,67
27,2015-04-28,65
28,2015-04-29,54
29,2015-04-30,66
0,2015-05-01,31
1,2015-05-02,39
2,2015-05-03,100
3,2015-05-04,54
4,2015-05-05,45
5,2015-05-06,26
6,2015-05-07,79
7,2015-05-08,78
8,2015-05-09,64
9,2015-05-10,52
10,2015-05-11,35
11,2015-05-12,45
12,2015-05-13,38
13,2015-05-14,37
14,2015-05-15,38
15,2015-05-16,55
16,2015-05-17,46
17,2015-05-18,35
18,2015-05-19,68
19,2015-05-20,38
20,2015-05-21,24
21,2015-05-22,36
22,2015-05-23,61
23,2015-05-24,68
24,2015-05-25,70
25,2015-05-26,47
26,2015-05-27,49
27,2015-05-28,38
28,2015-05-29,48
29,2015-05-30,61
30,2015-05-31,69
0,2015-06-01,55
1,2015-06-02,54
2,2015-06-03,42
3,2015-06-04,29
4,2015-06-05,44
5,2015-06-06,39
6,2015-06-07,86
7,2015-06-08,26
8,2015-06-09,34
9,2015-06-10,43
10,2015-06-11,35
11,2015-06-12,48
12,2015-06-13,100
13,2015-06-14,52
14,2015-06-15,22
15,2015-06-16,67
16,2015-06-17,63
17,2015-06-18,43
18,2015-06-19,57
19,2015-06-20,49
20,2015-06-21,81
21,2015-06-22,32
22,2015-06-23,71
23,2015-06-24,42
24,2015-06-25,32
25,2015-06-26,37
26,2015-06-27,40
27,2015-06-28,72
28,2015-06-29,46
29,2015-06-30,43
0,2015-07-01,37
1,2015-07-02,46
2,2015-07-03,63
3,2015-07-04,100
4,2015-07-05,29
5,2015-07-06,29
6,2015-07-07,28
7,2015-07-08,24
8,2015-07-09,12
9,2015-07-10,24
10,2015-07-11,59
11,2015-07-12,56
12,2015-07-13,32
13,2015-07-14,28
14,2015-07-15,32
15,2015-07-16,16
16,2015-07-17,29
17,2015-07-18,42
18,2015-07-19,22
19,2015-07-20,38
20,2015-07-21,16
21,2015-07-22,12
22,2015-07-23,12
23,2015-07-24,25
24,2015-07-25,40
25,2015-07-26,26
26,2015-07-27,29
27,2015-07-28,24
28,2015-07-29,34
29,2015-07-30,30
30,2015-07-31,31
0,2015-08-01,31
1,2015-08-02,65
2,2015-08-03,67
3,2015-08-04,56
4,2015-08-05,81
5,2015-08-06,58
6,2015-08-07,51
7,2015-08-08,75
8,2015-08-09,100
9,2015-08-10,59
10,2015-08-11,41
11,2015-08-12,58
12,2015-08-13,33
13,2015-08-14,25
14,2015-08-15,32
15,2015-08-16,56
16,2015-08-17,59
17,2015-08-18,41
18,2015-08-19,41
19,2015-08-20,82
20,2015-08-21,25
21,2015-08-22,21
22,2015-08-23,54
23,2015-08-24,41
24,2015-08-25,24
25,2015-08-26,16
26,2015-08-27,55
27,2015-08-28,48
28,2015-08-29,21
29,2015-08-30,75
30,2015-08-31,32
0,2015-09-01,56
1,2015-09-02,65
2,2015-09-03,47
3,2015-09-04,69
4,2015-09-05,50
5,2015-09-06,53
6,2015-09-07,88
7,2015-09-08,49
8,2015-09-09,37
9,2015-09-10,18
10,2015-09-11,28
11,2015-09-12,60
12,2015-09-13,49
13,2015-09-14,56
14,2015-09-15,72
15,2015-09-16,65
16,2015-09-17,28
17,2015-09-18,59
18,2015-09-19,100
19,2015-09-20,50
20,2015-09-21,0
21,2015-09-22,0
22,2015-09-23,46
23,2015-09-24,46
24,2015-09-25,95
25,2015-09-26,37
26,2015-09-27,75
27,2015-09-28,75
28,2015-09-29,28
29,2015-09-30,18
0,2015-10-01,69
1,2015-10-02,71
2,2015-10-03,55
3,2015-10-04,74
4,2015-10-05,71
5,2015-10-06,82
6,2015-10-07,68
7,2015-10-08,83
8,2015-10-09,85
9,2015-10-10,91
10,2015-10-11,75
11,2015-10-12,57
12,2015-10-13,82
13,2015-10-14,55
14,2015-10-15,55
15,2015-10-16,57
16,2015-10-17,75
17,2015-10-18,77
18,2015-10-19,100
19,2015-10-20,41
20,2015-10-21,55
21,2015-10-22,97
22,2015-10-23,57
23,2015-10-24,37
24,2015-10-25,38
25,2015-10-26,55
26,2015-10-27,78
27,2015-10-28,66
28,2015-10-29,53
29,2015-10-30,98
30,2015-10-31,91
0,2015-11-01,46
1,2015-11-02,43
2,2015-11-03,32
3,2015-11-04,55
4,2015-11-05,22
5,2015-11-06,45
6,2015-11-07,73
7,2015-11-08,60
8,2015-11-09,67
9,2015-11-10,96
10,2015-11-11,36
11,2015-11-12,23
12,2015-11-13,69
13,2015-11-14,85
14,2015-11-15,59
15,2015-11-16,0
16,2015-11-17,22
17,2015-11-18,66
18,2015-11-19,33
19,2015-11-20,22
20,2015-11-21,29
21,2015-11-22,31
22,2015-11-23,36
23,2015-11-24,47
24,2015-11-25,50
25,2015-11-26,92
26,2015-11-27,0
27,2015-11-28,0
28,2015-11-29,31
29,2015-11-30,100
0,2015-12-01,26
1,2015-12-02,33
2,2015-12-03,26
3,2015-12-04,14
4,2015-12-05,27
5,2015-12-06,19
6,2015-12-07,28
7,2015-12-08,40
8,2015-12-09,40
9,2015-12-10,27
10,2015-12-11,70
11,2015-12-12,37
12,2015-12-13,28
13,2015-12-14,100
14,2015-12-15,28
15,2015-12-16,72
16,2015-12-17,15
17,2015-12-18,15
18,2015-12-19,20
19,2015-12-20,63
20,2015-12-21,33
21,2015-12-22,16
22,2015-12-23,18
23,2015-12-24,30
24,2015-12-25,25
25,2015-12-26,24
26,2015-12-27,0
27,2015-12-28,26
28,2015-12-29,41
29,2015-12-30,33
30,2015-12-31,61
0,2016-01-01,44
1,2016-01-02,37
2,2016-01-03,35
3,2016-01-04,59
4,2016-01-05,43
5,2016-01-06,43
6,2016-01-07,29
7,2016-01-08,29
8,2016-01-09,69
9,2016-01-10,42
10,2016-01-11,43
11,2016-01-12,29
12,2016-01-13,65
13,2016-01-14,14
14,2016-01-15,51
15,2016-01-16,17
16,2016-01-17,78
17,2016-01-18,46
18,2016-01-19,57
19,2016-01-20,36
20,2016-01-21,66
21,2016-01-22,22
22,2016-01-23,52
23,2016-01-24,100
24,2016-01-25,44
25,2016-01-26,57
26,2016-01-27,37
27,2016-01-28,43
28,2016-01-29,50
29,2016-01-30,34
30,2016-01-31,60
0,2016-02-01,23
1,2016-02-02,10
2,2016-02-03,13
3,2016-02-04,18
4,2016-02-05,21
5,2016-02-06,31
6,2016-02-07,28
7,2016-02-08,26
8,2016-02-09,28
9,2016-02-10,30
10,2016-02-11,26
11,2016-02-12,50
12,2016-02-13,63
13,2016-02-14,100
14,2016-02-15,57
15,2016-02-16,29
16,2016-02-17,18
17,2016-02-18,13
18,2016-02-19,11
19,2016-02-20,16
20,2016-02-21,23
21,2016-02-22,8
22,2016-02-23,29
23,2016-02-24,26
24,2016-02-25,32
25,2016-02-26,26
26,2016-02-27,25
27,2016-02-28,25
28,2016-02-29,35
0,2016-03-01,44
1,2016-03-02,43
2,2016-03-03,39
3,2016-03-04,39
4,2016-03-05,57
5,2016-03-06,58
6,2016-03-07,34
7,2016-03-08,49
8,2016-03-09,44
9,2016-03-10,19
10,2016-03-11,35
11,2016-03-12,41
12,2016-03-13,75
13,2016-03-14,49
14,2016-03-15,49
15,2016-03-16,60
16,2016-03-17,51
17,2016-03-18,63
18,2016-03-19,88
19,2016-03-20,37
20,2016-03-21,55
21,2016-03-22,20
22,2016-03-23,20
23,2016-03-24,62
24,2016-03-25,48
25,2016-03-26,100
26,2016-03-27,77
27,2016-03-28,46
28,2016-03-29,55
29,2016-03-30,66
30,2016-03-31,46
0,2016-04-01,51
1,2016-04-02,91
2,2016-04-03,92
3,2016-04-04,64
4,2016-04-05,85
5,2016-04-06,35
6,2016-04-07,55
7,2016-04-08,41
8,2016-04-09,65
9,2016-04-10,84
10,2016-04-11,45
11,2016-04-12,35
12,2016-04-13,69
13,2016-04-14,54
14,2016-04-15,36
15,2016-04-16,94
16,2016-04-17,63
17,2016-04-18,54
18,2016-04-19,28
19,2016-04-20,85
20,2016-04-21,66
21,2016-04-22,47
22,2016-04-23,41
23,2016-04-24,93
24,2016-04-25,43
25,2016-04-26,61
26,2016-04-27,66
27,2016-04-28,80
28,2016-04-29,65
29,2016-04-30,100
0,2016-05-01,52
1,2016-05-02,47
2,2016-05-03,38
3,2016-05-04,55
4,2016-05-05,40
5,2016-05-06,53
6,2016-05-07,87
7,2016-05-08,100
8,2016-05-09,33
9,2016-05-10,51
10,2016-05-11,30
11,2016-05-12,20
12,2016-05-13,31
13,2016-05-14,75
14,2016-05-15,49
15,2016-05-16,45
16,2016-05-17,14
17,2016-05-18,51
18,2016-05-19,38
19,2016-05-20,50
20,2016-05-21,73
21,2016-05-22,39
22,2016-05-23,38
23,2016-05-24,54
24,2016-05-25,27
25,2016-05-26,38
26,2016-05-27,26
27,2016-05-28,50
28,2016-05-29,46
29,2016-05-30,56
30,2016-05-31,59
0,2016-06-01,37
1,2016-06-02,47
2,2016-06-03,57
3,2016-06-04,69
4,2016-06-05,64
5,2016-06-06,74
6,2016-06-07,68
7,2016-06-08,36
8,2016-06-09,91
9,2016-06-10,39
10,2016-06-11,41
11,2016-06-12,35
12,2016-06-13,61
13,2016-06-14,50
14,2016-06-15,56
15,2016-06-16,57
16,2016-06-17,42
17,2016-06-18,63
18,2016-06-19,100
19,2016-06-20,42
20,2016-06-21,42
21,2016-06-22,38
22,2016-06-23,52
23,2016-06-24,33
24,2016-06-25,94
25,2016-06-26,36
26,2016-06-27,58
27,2016-06-28,38
28,2016-06-29,64
29,2016-06-30,44
0,2016-07-01,41
1,2016-07-02,54
2,2016-07-03,100
3,2016-07-04,63
4,2016-07-05,47
5,2016-07-06,44
6,2016-07-07,22
7,2016-07-08,50
8,2016-07-09,49
9,2016-07-10,61
10,2016-07-11,68
11,2016-07-12,49
12,2016-07-13,41
13,2016-07-14,26
14,2016-07-15,46
15,2016-07-16,16
16,2016-07-17,28
17,2016-07-18,36
18,2016-07-19,26
19,2016-07-20,44
20,2016-07-21,27
21,2016-07-22,27
22,2016-07-23,43
23,2016-07-24,22
24,2016-07-25,18
25,2016-07-26,26
26,2016-07-27,26
27,2016-07-28,22
28,2016-07-29,22
29,2016-07-30,37
30,2016-07-31,32
0,2016-08-01,73
1,2016-08-02,16
2,2016-08-03,73
3,2016-08-04,25
4,2016-08-05,62
5,2016-08-06,53
6,2016-08-07,21
7,2016-08-08,75
8,2016-08-09,33
9,2016-08-10,25
10,2016-08-11,35
11,2016-08-12,69
12,2016-08-13,68
13,2016-08-14,100
14,2016-08-15,50
15,2016-08-16,49
16,2016-08-17,25
17,2016-08-18,17
18,2016-08-19,68
19,2016-08-20,41
20,2016-08-21,60
21,2016-08-22,17
22,2016-08-23,41
23,2016-08-24,56
24,2016-08-25,62
25,2016-08-26,40
26,2016-08-27,28
27,2016-08-28,65
28,2016-08-29,23
29,2016-08-30,67
30,2016-08-31,45
0,2016-09-01,63
1,2016-09-02,57
2,2016-09-03,59
3,2016-09-04,35
4,2016-09-05,67
5,2016-09-06,49
6,2016-09-07,55
7,2016-09-08,68
8,2016-09-09,57
9,2016-09-10,50
10,2016-09-11,42
11,2016-09-12,90
12,2016-09-13,55
13,2016-09-14,28
14,2016-09-15,36
15,2016-09-16,44
16,2016-09-17,69
17,2016-09-18,34
18,2016-09-19,50
19,2016-09-20,57
20,2016-09-21,57
21,2016-09-22,100
22,2016-09-23,30
23,2016-09-24,53
24,2016-09-25,97
25,2016-09-26,44
26,2016-09-27,28
27,2016-09-28,43
28,2016-09-29,80
29,2016-09-30,67
0,2016-10-01,53
1,2016-10-02,53
2,2016-10-03,44
3,2016-10-04,60
4,2016-10-05,87
5,2016-10-06,43
6,2016-10-07,52
7,2016-10-08,80
8,2016-10-09,100
9,2016-10-10,50
10,2016-10-11,41
11,2016-10-12,17
12,2016-10-13,44
13,2016-10-14,26
14,2016-10-15,73
15,2016-10-16,91
16,2016-10-17,52
17,2016-10-18,43
18,2016-10-19,52
19,2016-10-20,70
20,2016-10-21,61
21,2016-10-22,99
22,2016-10-23,85
23,2016-10-24,42
24,2016-10-25,24
25,2016-10-26,42
26,2016-10-27,100
27,2016-10-28,35
28,2016-10-29,42
29,2016-10-30,83
30,2016-10-31,51
0,2016-11-01,100
1,2016-11-02,67
2,2016-11-03,56
3,2016-11-04,39
4,2016-11-05,70
5,2016-11-06,57
6,2016-11-07,46
7,2016-11-08,61
8,2016-11-09,21
9,2016-11-10,46
10,2016-11-11,48
11,2016-11-12,68
12,2016-11-13,58
13,2016-11-14,47
14,2016-11-15,18
15,2016-11-16,28
16,2016-11-17,58
17,2016-11-18,20
18,2016-11-19,67
19,2016-11-20,22
20,2016-11-21,46
21,2016-11-22,36
22,2016-11-23,66
23,2016-11-24,65
24,2016-11-25,0
25,2016-11-26,42
26,2016-11-27,42
27,2016-11-28,34
28,2016-11-29,42
29,2016-11-30,52
0,2016-12-01,38
1,2016-12-02,77
2,2016-12-03,46
3,2016-12-04,55
4,2016-12-05,52
5,2016-12-06,53
6,2016-12-07,19
7,2016-12-08,55
8,2016-12-09,67
9,2016-12-10,23
10,2016-12-11,23
11,2016-12-12,75
12,2016-12-13,37
13,2016-12-14,37
14,2016-12-15,19
15,2016-12-16,50
16,2016-12-17,74
17,2016-12-18,63
18,2016-12-19,31
19,2016-12-20,52
20,2016-12-21,64
21,2016-12-22,67
22,2016-12-23,57
23,2016-12-24,65
24,2016-12-25,100
25,2016-12-26,0
26,2016-12-27,23
27,2016-12-28,46
28,2016-12-29,46
29,2016-12-30,60
30,2016-12-31,62
0,2017-01-01,52
1,2017-01-02,36
2,2017-01-03,56
3,2017-01-04,39
4,2017-01-05,31
5,2017-01-06,16
6,2017-01-07,45
7,2017-01-08,61
8,2017-01-09,22
9,2017-01-10,22
10,2017-01-11,59
11,2017-01-12,23
12,2017-01-13,62
13,2017-01-14,38
14,2017-01-15,56
15,2017-01-16,67
16,2017-01-17,53
17,2017-01-18,51
18,2017-01-19,36
19,2017-01-20,22
20,2017-01-21,43
21,2017-01-22,77
22,2017-01-23,65
23,2017-01-24,88
24,2017-01-25,51
25,2017-01-26,29
26,2017-01-27,76
27,2017-01-28,55
28,2017-01-29,100
29,2017-01-30,59
30,2017-01-31,50
0,2017-02-01,19
1,2017-02-02,21
2,2017-02-03,6
3,2017-02-04,30
4,2017-02-05,30
5,2017-02-06,17
6,2017-02-07,29
7,2017-02-08,29
8,2017-02-09,45
9,2017-02-10,42
10,2017-02-11,31
11,2017-02-12,45
12,2017-02-13,51
13,2017-02-14,100
14,2017-02-15,55
15,2017-02-16,10
16,2017-02-17,18
17,2017-02-18,22
18,2017-02-19,23
19,2017-02-20,23
20,2017-02-21,13
21,2017-02-22,21
22,2017-02-23,15
23,2017-02-24,36
24,2017-02-25,13
25,2017-02-26,21
26,2017-02-27,14
27,2017-02-28,14
0,2017-03-01,28
1,2017-03-02,97
2,2017-03-03,72
3,2017-03-04,86
4,2017-03-05,57
5,2017-03-06,52
6,2017-03-07,44
7,2017-03-08,36
8,2017-03-09,82
9,2017-03-10,49
10,2017-03-11,58
11,2017-03-12,50
12,2017-03-13,73
13,2017-03-14,35
14,2017-03-15,70
15,2017-03-16,66
16,2017-03-17,100
17,2017-03-18,76
18,2017-03-19,82
19,2017-03-20,48
20,2017-03-21,53
21,2017-03-22,60
22,2017-03-23,43
23,2017-03-24,42
24,2017-03-25,52
25,2017-03-26,53
26,2017-03-27,79
27,2017-03-28,56
28,2017-03-29,49
29,2017-03-30,43
30,2017-03-31,77
0,2017-04-01,38
1,2017-04-02,48
2,2017-04-03,58
3,2017-04-04,11
4,2017-04-05,30
5,2017-04-06,57
6,2017-04-07,31
7,2017-04-08,41
8,2017-04-09,34
9,2017-04-10,27
10,2017-04-11,48
11,2017-04-12,11
12,2017-04-13,52
13,2017-04-14,20
14,2017-04-15,100
15,2017-04-16,79
16,2017-04-17,67
17,2017-04-18,44
18,2017-04-19,51
19,2017-04-20,41
20,2017-04-21,55
21,2017-04-22,38
22,2017-04-23,47
23,2017-04-24,60
24,2017-04-25,82
25,2017-04-26,38
26,2017-04-27,50
27,2017-04-28,51
28,2017-04-29,86
29,2017-04-30,64
0,2017-05-01,34
1,2017-05-02,33
2,2017-05-03,31
3,2017-05-04,29
4,2017-05-05,25
5,2017-05-06,49
6,2017-05-07,45
7,2017-05-08,27
8,2017-05-09,41
9,2017-05-10,53
10,2017-05-11,37
11,2017-05-12,46
12,2017-05-13,70
13,2017-05-14,100
14,2017-05-15,42
15,2017-05-16,31
16,2017-05-17,34
17,2017-05-18,21
18,2017-05-19,38
19,2017-05-20,47
20,2017-05-21,57
21,2017-05-22,37
22,2017-05-23,44
23,2017-05-24,29
24,2017-05-25,32
25,2017-05-26,31
26,2017-05-27,51
27,2017-05-28,36
28,2017-05-29,59
29,2017-05-30,32
30,2017-05-31,30
0,2017-06-01,59
1,2017-06-02,98
2,2017-06-03,73
3,2017-06-04,96
4,2017-06-05,90
5,2017-06-06,40
6,2017-06-07,71
7,2017-06-08,46
8,2017-06-09,43
9,2017-06-10,59
10,2017-06-11,100
11,2017-06-12,48
12,2017-06-13,52
13,2017-06-14,84
14,2017-06-15,43
15,2017-06-16,44
16,2017-06-17,97
17,2017-06-18,98
18,2017-06-19,60
19,2017-06-20,66
20,2017-06-21,39
21,2017-06-22,45
22,2017-06-23,70
23,2017-06-24,100
24,2017-06-25,84
25,2017-06-26,56
26,2017-06-27,86
27,2017-06-28,62
28,2017-06-29,38
29,2017-06-30,85
0,2017-07-01,21
1,2017-07-02,100
2,2017-07-03,69
3,2017-07-04,81
4,2017-07-05,54
5,2017-07-06,60
6,2017-07-07,22
7,2017-07-08,71
8,2017-07-09,86
9,2017-07-10,44
10,2017-07-11,70
11,2017-07-12,38
12,2017-07-13,56
13,2017-07-14,50
14,2017-07-15,66
15,2017-07-16,60
16,2017-07-17,55
17,2017-07-18,69
18,2017-07-19,49
19,2017-07-20,49
20,2017-07-21,34
21,2017-07-22,46
22,2017-07-23,67
23,2017-07-24,39
24,2017-07-25,49
25,2017-07-26,27
26,2017-07-27,50
27,2017-07-28,51
28,2017-07-29,40
29,2017-07-30,27
30,2017-07-31,84
0,2017-08-01,79
1,2017-08-02,71
2,2017-08-03,48
3,2017-08-04,49
4,2017-08-05,100
5,2017-08-06,68
6,2017-08-07,60
7,2017-08-08,71
8,2017-08-09,47
9,2017-08-10,49
10,2017-08-11,36
11,2017-08-12,58
12,2017-08-13,59
13,2017-08-14,0
14,2017-08-15,61
15,2017-08-16,41
16,2017-08-17,14
17,2017-08-18,56
18,2017-08-19,91
19,2017-08-20,66
20,2017-08-21,65
21,2017-08-22,54
22,2017-08-23,40
23,2017-08-24,66
24,2017-08-25,62
25,2017-08-26,80
26,2017-08-27,63
27,2017-08-28,47
28,2017-08-29,52
29,2017-08-30,60
30,2017-08-31,26
0,2017-09-01,71
1,2017-09-02,84
2,2017-09-03,100
3,2017-09-04,83
4,2017-09-05,59
5,2017-09-06,77
6,2017-09-07,68
7,2017-09-08,29
8,2017-09-09,60
9,2017-09-10,94
10,2017-09-11,58
11,2017-09-12,94
12,2017-09-13,67
13,2017-09-14,79
14,2017-09-15,60
15,2017-09-16,37
16,2017-09-17,72
17,2017-09-18,78
18,2017-09-19,89
19,2017-09-20,42
20,2017-09-21,75
21,2017-09-22,52
22,2017-09-23,83
23,2017-09-24,62
24,2017-09-25,78
25,2017-09-26,34
26,2017-09-27,86
27,2017-09-28,58
28,2017-09-29,39
29,2017-09-30,23
0,2017-10-01,45
1,2017-10-02,30
2,2017-10-03,42
3,2017-10-04,49
4,2017-10-05,43
5,2017-10-06,38
6,2017-10-07,46
7,2017-10-08,38
8,2017-10-09,65
9,2017-10-10,17
10,2017-10-11,17
11,2017-10-12,29
12,2017-10-13,31
13,2017-10-14,37
14,2017-10-15,30
15,2017-10-16,13
16,2017-10-17,24
17,2017-10-18,24
18,2017-10-19,30
19,2017-10-20,41
20,2017-10-21,32
21,2017-10-22,100
22,2017-10-23,50
23,2017-10-24,36
24,2017-10-25,47
25,2017-10-26,68
26,2017-10-27,65
27,2017-10-28,31
28,2017-10-29,24
29,2017-10-30,38
30,2017-10-31,25
0,2017-11-01,53
1,2017-11-02,33
2,2017-11-03,34
3,2017-11-04,30
4,2017-11-05,61
5,2017-11-06,50
6,2017-11-07,41
7,2017-11-08,49
8,2017-11-09,41
9,2017-11-10,35
10,2017-11-11,20
11,2017-11-12,42
12,2017-11-13,33
13,2017-11-14,40
14,2017-11-15,16
15,2017-11-16,16
16,2017-11-17,59
17,2017-11-18,52
18,2017-11-19,74
19,2017-11-20,44
20,2017-11-21,34
21,2017-11-22,100
22,2017-11-23,41
23,2017-11-24,31
24,2017-11-25,41
25,2017-11-26,40
26,2017-11-27,40
27,2017-11-28,32
28,2017-11-29,16
29,2017-11-30,33
0,2017-12-01,59
1,2017-12-02,36
2,2017-12-03,60
3,2017-12-04,59
4,2017-12-05,19
5,2017-12-06,39
6,2017-12-07,39
7,2017-12-08,70
8,2017-12-09,48
9,2017-12-10,61
10,2017-12-11,59
11,2017-12-12,38
12,2017-12-13,77
13,2017-12-14,79
14,2017-12-15,62
15,2017-12-16,99
16,2017-12-17,100
17,2017-12-18,72
18,2017-12-19,40
19,2017-12-20,31
20,2017-12-21,65
21,2017-12-22,58
22,2017-12-23,79
23,2017-12-24,55
24,2017-12-25,58
25,2017-12-26,26
26,2017-12-27,48
27,2017-12-28,84
28,2017-12-29,61
29,2017-12-30,79
30,2017-12-31,66
